cluster_id,temporary_archetype_name,unique_deck_count,result_count,meta_percent,representative_deck_id,representative_deck_name,min_shared_slots,avg_shared_slots,max_shared_slots,archetype_name,color_name,archetype_stem,signature_card_1,signature_card_2,signature_card_3,signature_image_url
C001,Rakdos Lurrus,4,4,5.194805194805195,3qqgARMwEHSYKwn7U2Rfzg,RB Lurrus by Rob D - Wednesday 7 PM MTGO Weekly,26,30.5,39,Rakdos Lurrus,Rakdos,Lurrus,Amped Raptor,Unstable Amulet,Gonti's Machinations,https://api.scryfall.com/cards/1ac0e78b-0fdd-44f9-8b7b-c4f28a32782e?format=image&version=normal
C002,High Tide,4,4,5.194805194805195,ZaygAXyiinWYhhHgmvyv7Q,this 97 year old tide player still storm by incidentall (finaldefiance) - Wednesday 7 PM MTGO Weekly,27,33.5,40,High Tide,,High Tide,High Tide,Frantic Search,Preordain,https://api.scryfall.com/cards/c2813677-91cc-4c8b-a8ea-403fa776c9f0?format=image&version=normal
C003,Mono White Midrange,3,3,3.896103896103896,fY2gAeSkP3uu-fBFlG0q-g,Mono W Midrange by wtnaut - Thursday MTGO,29,32.333333333333336,37,Mono White Midrange,Mono White,Midrange,Scholar of New Horizons,The Restoration of Eiganjo // Architect of Restoration,Thraben Inspector,https://api.scryfall.com/cards/99e1d96f-c326-49b2-9a24-6e3e5465047e?format=image&version=normal
C004,Affinity,3,3,3.896103896103896,caygAcUWPXy4tE4hPe86MA,UW Affinity by pizzamaw50 - Wednesday 7 PM MTGO Weekly,28,31.0,35,Azorius Affinity,Azorius,Affinity,Cranial Plating,Ornithopter,Springleaf Drum,https://api.scryfall.com/cards/e1375f17-bc25-4a65-98b7-4785bbdbe974?format=image&version=normal
C005,RW Converter,2,2,2.5974025974025974,96ugAWpY0nGX9OnPzGv8rQ,currency coating by jason.jason - Wednesday 7 PM MTGO Weekly,36,36.0,36,Boros Converter,Boros,Converter,Party Thrasher,Liquimetal Coating,Currency Converter,https://api.scryfall.com/cards/b7f8bb8d-c46a-4531-9525-6981a222b468?format=image&version=normal
C006,Burn,2,2,2.5974025974025974,F6ygAQWGX3S3CgxGuQzGoA,Burn by Bobbunny - Wednesday 7 PM MTGO Weekly,35,35.0,35,Mono Red Burn,Mono Red,Burn,Lava Spike,Rift Bolt,Skewer the Critics,https://api.scryfall.com/cards/e3abbec4-202d-47ee-9472-b41d41f75372?format=image&version=normal
C007,Mono Black Annex,2,2,2.5974025974025974,SJugAd0qDH2NtfILsbhgjw,mono black by korbyn - Sunday 12 PM MTGO Weekly,37,37.0,37,Mono Black Annex,Mono Black,Annex,Archfiend of the Dross,Unholy Annex // Ritual Chamber,Fatal Push,https://api.scryfall.com/cards/5a4aad94-5b0e-4644-b331-39dae2a7e937?format=image&version=normal
C008,RG Initiative,2,2,2.5974025974025974,TaygAd_p6H-Bfl5V_rFD-A,Gruul Initiative by Plasma (99LandOTK) - Wednesday 7 PM MTGO Weekly,38,38.0,38,Gruul Initiative,Gruul,Initiative,Arbor Elf,Wild Growth,Caves of Chaos Adventurer,https://api.scryfall.com/cards/b7d6b117-0c14-4455-92fc-29555ee75d97?format=image&version=normal
C009,Dimir Control,2,2,2.5974025974025974,Z9CgAbd233y28w9481zwAw,dimir control by olozaur - Wednesday 7PM MTGO Weekly,34,34.0,34,Dimir Control,Dimir,Control,Mission Briefing,Fire Nation Occupation,Vendetta,https://api.scryfall.com/cards/5ed398e7-9d2b-4bd2-9a4b-2885e4749003?format=image&version=normal
C010,Izzet Looting,2,2,2.5974025974025974,cpugAX30EHqLxJDkq1t5-g,Purple Sharks by Guthwine - Sunday 12 PM MTGO Weekly,42,42.0,42,Izzet Looting,Izzet,Looting,Breakthrough,Detective's Phoenix,Flameblade Adept,https://api.scryfall.com/cards/27c50b06-c32d-48ed-8e4a-e565659e073f?format=image&version=normal
C011,Orzhov Lantern Control,1,1,1.2987012987012987,29OfAY0ZMn6tHZHYNrxOXQ,Will-o'-the-wisp No.2 by Sarah - EU Async league,,,,Orzhov Lantern Control,Orzhov,Lantern Control,Codex Shredder,Divest,Kami of False Hope,https://api.scryfall.com/cards/4f5a3293-f3e7-4f68-af6a-b478959226c1?format=image&version=normal
C012,Mono White Taxes,1,1,1.2987012987012987,4pqgASZZw3KItxX1pqEieA,Mono white taxes by Devfizzle - Sunday 12 PM MTGO Weekly,,,,Mono White Taxes,Mono White,Taxes,Luminarch Aspirant,Elite Spellbinder,Lightstall Inquisitor,https://api.scryfall.com/cards/fe964e7e-e2c5-4263-889d-0a531eb51442?format=image&version=normal
C013,Amalia Combo,1,1,1.2987012987012987,Ab-gAU5m1XKT_b5vtfk9fw,Amalia by ServoToken - MTGO Sunday Weekly 12 Noon EST,,,,Amalia Combo,,Amalia Combo,Amalia Benavides Aguirre,Cenote Scout,Collected Company,https://api.scryfall.com/cards/9acf80a5-f2ca-45b4-aca8-fbc690e35401?format=image&version=normal
C014,Breakfast Affinity,1,1,1.2987012987012987,BfifASjFs3upUppvuy6A0g,Breakffinity by Felix - EU Async league,,,,Breakfast Affinity,,Breakfast Affinity,Doc Ock's Tentacles,Cephalid Illusionist,Memory Guardian,https://api.scryfall.com/cards/fed9547c-9d0d-4e62-9639-887ed09231a2?format=image&version=normal
C015,Sultai Stifle,1,1,1.2987012987012987,D9CgAVUubXS9mmrkA_S_rQ,BUG Stifle by BanSurgical - Wednesday 7PM MTGO Weekly,,,,Sultai Stifle,Sultai,Stifle,Defabricate,Parallax Nexus,Bitter Triumph,https://api.scryfall.com/cards/7dd32168-0b9c-4633-adec-d41cf125cc35?format=image&version=normal
C016,Broodscale Combo,1,1,1.2987012987012987,G72gAS0MKXiYXckGCSsb_w,Golgari Foodscale by forkpapi - MTGO Sunday Weekly 12 Noon EST,,,,Golgari Broodscale Combo,Golgari,Broodscale Combo,Basking Broodscale,Ghost Lantern // Bind Spirit,Heroic Feast,https://api.scryfall.com/cards/5feba5d6-99a6-4e9b-8a7d-90d955868fc3?format=image&version=normal
C017,Bant Nulldrifter,1,1,1.2987012987012987,HIygAbPow3qWLy2DVmmZrw,Bant Dread not by Vacated Drake - Thursday MTGO,,,,Bant Nulldrifter,Bant,Nulldrifter,Opt,Dress Down,Nulldrifter,https://api.scryfall.com/cards/58d26b54-0093-4e90-a2b1-b57c64340f9c?format=image&version=normal
C018,Mono Black Asmo Reanimator,1,1,1.2987012987012987,IdufAZdy5X6mxktYn1Fjiw,asmo goyf by olozaur - EU Async league,,,,Mono Black Asmo Reanimator,Mono Black,Asmo Reanimator,Asmoranomardicadaistinaculdacar,Necrogoyf,Ovalchase Daredevil,https://api.scryfall.com/cards/1514e8f1-3c94-42f0-8f61-7c2856227e57?format=image&version=normal
C019,Azorius Nulldrifter Control,1,1,1.2987012987012987,J9OfAYf_wHmRFJHNi58yXA,UW Nulldrifter Control by tyrantneptune - EU Async league,,,,Azorius Nulldrifter Control,Azorius,Nulldrifter Control,Dress Down,Nulldrifter,Preordain,https://api.scryfall.com/cards/07ea7524-ed53-48b5-b273-cdec85e699ac?format=image&version=normal
C020,Energy Boom,1,1,1.2987012987012987,LfifAYIbrn6yAqrpHhFHIg,Energy Boom by Paul - EU Async league,,,,Energy Boom,,Energy Boom,Boom // Bust,Cleansing Wildfire,Caves of Chaos Adventurer,https://api.scryfall.com/cards/8ffdee1b-bb5d-44e6-a90d-6f9e9266d4fd?format=image&version=normal
C021,Fluctuator,1,1,1.2987012987012987,NtCgAX67JHKO_62r-QLDCA,Fluctuator by Doot - Wednesday 7PM MTGO Weekly,,,,Fluctuator,,Fluctuator,Drannith Stinger,Flourishing Fox,Miscalculation,https://api.scryfall.com/cards/612ee4be-e7a2-423c-a37c-7c6ca97f630e?format=image&version=normal
C022,RW Converter,1,1,1.2987012987012987,ONCgAZC8RHmtwnTWnsk8ug,Yard Sale by ServoToken - Wednesday 7PM MTGO Weekly,,,,Boros Converter,Boros,Converter,Veteran Survivor,Hardened Academic,Currency Converter,https://api.scryfall.com/cards/39368ea2-f665-40b1-b042-c0182f7c6df0?format=image&version=normal
C023,Mono Red Midrange,1,1,1.2987012987012987,Q9CgAWgTx3q6tAXlHb3pZQ,Schmedium Red by Duncan - Wednesday 7PM MTGO Weekly,,,,Mono Red Midrange,Mono Red,Midrange,Hired Claw,Chain Lightning,Goblin Guide,https://api.scryfall.com/cards/1ae41080-0d67-4719-adb2-49bf2a268b6c?format=image&version=normal
C024,Mono Black Aggro,1,1,1.2987012987012987,Qo2gAZe1THm7AtHuRLEYMw,Mono Black Aggro by Ariya - Thursday MTGO,,,,Mono Black Aggro,Mono Black,Aggro,Dream Beavers,"Gix, Yawgmoth Praetor",Go for the Throat,https://api.scryfall.com/cards/600e3bc1-9777-4057-a11e-4f61582636c6?format=image&version=normal
C025,Blue Post,1,1,1.2987012987012987,U5ugAcXu4HuhdsjdaNhyEQ,Trading Blue Post by ServoToken - Sunday 12 PM MTGO Weekly,,,,Blue Post,,Blue Post,Condescend,Oblivion Stone,Scour for Scrap,https://api.scryfall.com/cards/e8303b80-e29a-46b8-90b0-c0cfe551b435?format=image&version=normal
C026,Creativity,1,1,1.2987012987012987,UaygAaunsnGm2QOi5gr3iw,"""Izzet"" Is a Creative Color by ravensfanaustin/autocorrevt - Wednesday 7 PM MTGO Weekly",,,,Creativity,,Creativity,Hard Evidence,Indomitable Creativity,Pyrogoyf,https://api.scryfall.com/cards/d836754e-a45b-4a89-913a-949386a12fdf?format=image&version=normal
C027,5 Color Zuberas,1,1,1.2987012987012987,UpugAZcmzn2WxPBvvNcV7A,Zubera? In this economy? by zmyers94 - Sunday 12 PM MTGO Weekly,,,,5 Color Zuberas,,5 Color Zuberas,Ashen-Skin Zubera,Dripping-Tongue Zubera,Ember-Fist Zubera,https://api.scryfall.com/cards/40cee88d-849d-4715-ad88-7cdb855a3088?format=image&version=normal
C028,Scam,1,1,1.2987012987012987,W6ugAYQyKnuodk0DG-8zHw,Rakdos Scam by BanSurgical - Wednesday 7 PM MTGO Weekly,,,,Rakdos Scam,Rakdos,Scam,Supernatural Stamina,Grief,Bloodtithe Harvester,https://api.scryfall.com/cards/bdaa795c-4906-4693-adf6-9e583deb0aa1?format=image&version=normal
C029,UG Tempo,1,1,1.2987012987012987,WKygAY_N3nCGgYqEdNdXVA,Simic Tempo by Doot - Wednesday 7 PM MTGO Weekly,,,,Simic Tempo,Simic,Tempo,Aloe Alchemist,Unruly Krasis,Werewolf Pack Leader,https://api.scryfall.com/cards/69f2f632-b6cc-4092-acd5-a6b152e90488?format=image&version=normal
C030,Temur Rhinos,1,1,1.2987012987012987,Wb-gAXSvOHOGGm5R8wxmEg,rhinos by devfizzle - MTGO Sunday Weekly 12 Noon EST,,,,Temur Rhinos,Temur,Rhinos,Crashing Footfalls,Fire // Ice,Shardless Agent,https://api.scryfall.com/cards/af38d0d7-33cf-4976-a145-2ad051353ed1?format=image&version=normal
C031,Red Post,1,1,1.2987012987012987,X5ugAXU_4nWUJS94LG4Xhg,Red Post by forkpapi - Sunday 12 PM MTGO Weekly,,,,Red Post,,Red Post,Igneous Inspiration,Expedition Map,Glimpse the Impossible,https://api.scryfall.com/cards/5781ad7b-dc1b-4cc1-9e72-6e714b9ba1de?format=image&version=normal
C032,Lessons,1,1,1.2987012987012987,YaygAeg1C3GNUN7x7CUYMQ,Izzet Lessons by Ariya - Wednesday 7 PM MTGO Weekly,,,,Izzet Lessons,Izzet,Lessons,Divide by Zero,Dragonfly Swarm,Firebending Lesson,https://api.scryfall.com/cards/0e6d81e3-c83f-495a-b947-154fb4551a32?format=image&version=normal
C033,Necroflux,1,1,1.2987012987012987,Z7-gAbfh3ne06nj8YaXokw,Necroflux by ToadBrews - MTGO Sunday Weekly 12 Noon EST,,,,Necroflux,,Necroflux,The Necrobloom,Vindicate,Fluctuator,https://api.scryfall.com/cards/8fcf68cf-0dac-4b29-90d5-c18c685182e6?format=image&version=normal
C034,Temur Control,1,1,1.2987012987012987,ZKygAbsbjnqrKvrr5Ob_YA,RUG Pull by ToadBrews - Wednesday 7 PM MTGO Weekly,,,,Temur Control,Temur,Control,Guided Passage,Liquimetal Coating,Shenanigans,https://api.scryfall.com/cards/b66c8ada-82a6-46d9-acd0-b4ff9e1e12bd?format=image&version=normal
C035,Bant Breakfast,1,1,1.2987012987012987,Zr-gAdLTXnam57Lc6ZoRmw,Bant Breakfast by Sean - GreenGang - MTGO Sunday Weekly 12 Noon EST,,,,Bant Breakfast,Bant,Breakfast,Nomads en-Kor,Professor Hojo,Cephalid Illusionist,https://api.scryfall.com/cards/8175c3fd-adc1-45f6-9767-0b76bb6332af?format=image&version=normal
C036,Lotus Field Combo,1,1,1.2987012987012987,ZvufAVz9E3SI1DNQvFl2Xg,Lotus Combo by cloudy - EU Async league,,,,Lotus Field Combo,,Lotus Field Combo,Arboreal Grazer,Pore Over the Pages,Sylvan Scrying,https://api.scryfall.com/cards/6d00ced6-7ba3-4d78-a680-9d3211704ca2?format=image&version=normal
C037,Grixis Annex,1,1,1.2987012987012987,aaygAXBR83KTpz-aSYrjSA,Mono Pink Devotion by FrogPapi - Wednesday 7 PM MTGO Weekly,,,,Grixis Annex,Grixis,Annex,Firdoch Core,Pink Horror,Liquimetal Coating,https://api.scryfall.com/cards/8e45cd37-bf97-4742-978d-96f96ed653cd?format=image&version=normal
C038,Meria PO,1,1,1.2987012987012987,aqygAWuBy3q-DA8IHmHwJg,Meria PO by Foster - Wednesday 7 PM MTGO Weekly,,,,Meria PO,,Meria PO,Energy Refractor,Helm of Awakening,"Meria, Scholar of Antiquity",https://api.scryfall.com/cards/cc2a81fb-5045-4b7b-8cfb-b90c4f4a1f51?format=image&version=normal
C039,Creative Technique,1,1,1.2987012987012987,atCgAUX5qnmQSDwsuA-9RA,Mississippi River by arrakeenpeasant - Wednesday 7PM MTGO Weekly,,,,Creative Technique,,Creative Technique,Annoyed Altisaur,Breaching Dragonstorm,Creative Technique,https://api.scryfall.com/cards/7536d618-0c98-45bb-913b-b8117b4acf87?format=image&version=normal
C040,UW Control,1,1,1.2987012987012987,bKygAe6BznKFmfDft_XIdg,UW control by Vacated Drake - Wednesday 7 PM MTGO Weekly,,,,Azorius Control,Azorius,Control,Impulse,Mana Leak,Absorb,https://api.scryfall.com/cards/c9d518a9-ee23-49b2-af54-3de669a1bd53?format=image&version=normal
C041,BW Midrange,1,1,1.2987012987012987,bqugAZMcpXm0p7wb4MDpPg,Orzhov ketra by Devfizzle - Wednesday 7 PM MTGO Weekly,,,,Orzhov Midrange,Orzhov,Midrange,Thraben Charm,White Orchid Phantom,Graveyard Trespasser // Graveyard Glutton,https://api.scryfall.com/cards/dd28a646-f38f-4cdf-948c-969cd979e5e6?format=image&version=normal
C042,Azorius Nulldrifter,1,1,1.2987012987012987,brygAaUl536hGZk0PnNLoA,UW nulldrifter by Vacated Drake - MTGO Sunday Weekly 12 Noon EST,,,,Azorius Nulldrifter,Azorius,Nulldrifter,Dress Down,Nulldrifter,Mana Leak,https://api.scryfall.com/cards/07ea7524-ed53-48b5-b273-cdec85e699ac?format=image&version=normal
C043,Bant Thopter Sword,1,1,1.2987012987012987,cI2gATDb3nOf35rR2QPZhA,Giant Emry by Theo - Thursday MTGO,,,,Bant Thopter Sword,Bant,Thopter Sword,Abundant Growth,Malevolent Rumble,"Emry, Lurker of the Loch",https://api.scryfall.com/cards/bfc00bf8-236b-4c68-be85-1609be122259?format=image&version=normal
C044,Mono Black Annex,1,1,1.2987012987012987,cZugAbO_Z3276RbCz496WA,Mono Black Devotion by Secular Sam - Sunday 12 PM MTGO Weekly,,,,Mono Black Annex,Mono Black,Annex,Demon Wall,Archfiend of the Dross,Unholy Annex // Ritual Chamber,https://api.scryfall.com/cards/13abd96c-d1af-43d0-b3a4-ac3db20e3b51?format=image&version=normal
C045,Show and Tell,1,1,1.2987012987012987,caygAZlt2XeCk83vzq_ZaQ,UB Big Robots by BrutonGaster (Travis) - Wednesday 7 PM MTGO Weekly,,,,Dimir Show and Tell,Dimir,Show and Tell,Chromatic Star,Fountainport Bell,Infernal Grasp,https://api.scryfall.com/cards/117fded3-1157-41a3-b37a-e76dcd1b5447?format=image&version=normal
C046,Heartfire Hero,1,1,1.2987012987012987,dZugAa-mJHqyahxDfYAHHw,Monored Leyline by bugsbugz - Sunday 12 PM MTGO Weekly,,,,Heartfire Hero,,Heartfire Hero,Ancestral Anger,Cacophony Scamp,Callous Sell-Sword // Burn Together,https://api.scryfall.com/cards/5dee47ab-d603-4346-97f4-a25dc3f47765?format=image&version=normal
C047,RDW,1,1,1.2987012987012987,e6qgAR2s9HeRLRGgmvbzwg,Whack by Theo - Wednesday 7 PM MTGO Weekly,,,,RDW,,RDW,Bomat Courier,Clockwork Percussionist,Gleeful Demolition,https://api.scryfall.com/cards/425bff89-ad15-4d22-bce9-a4a07dbafd87?format=image&version=normal
C048,Selesnya Convoke,1,1,1.2987012987012987,e9CgAbfJIXCycRGoo-AwAA,fallaji by wtnaut - Wednesday 7PM MTGO Weekly,,,,Selesnya Convoke,Selesnya,Convoke,Dryad Militant,Fallaji Wayfarer,Gallant Citizen,https://api.scryfall.com/cards/8fb36712-26e9-4ec7-8946-626bb7094c15?format=image&version=normal
C049,Green Black Hogaak,1,1,1.2987012987012987,f5ugAaNCrnO_dyFs6RREFg,The Gaak Hogan by Blackviper - Sunday 12 PM MTGO Weekly,,,,Green Black Hogaak,,Green Black Hogaak,Grisly Salvage,Rubblebelt Maverick,Satyr Wayfinder,https://api.scryfall.com/cards/1f14a218-21da-464e-b73c-fb572c4705ea?format=image&version=normal
C050,GW Initiative,1,1,1.2987012987012987,fJugAQy2j32G0X0qB3bzcQ,GW Initiative by Jacob - Sunday 12 PM MTGO Weekly,,,,Selesnya Initiative,Selesnya,Initiative,Avacyn's Pilgrim,Anointed Peacekeeper,Llanowar Elves,https://api.scryfall.com/cards/e9600bdc-6a1b-4f7a-aa7d-538fb89df937?format=image&version=normal
C051,Glimpse Elves,1,1,1.2987012987012987,fLGgARroJX2p5WZBcH-g6g,What a Nice Wave by ravensfanaustin/autocorrevt - Thursday Webcam 7:30est,,,,Glimpse Elves,,Glimpse Elves,Elvish Archdruid,Elvish Visionary,Genesis Wave,https://api.scryfall.com/cards/b8090192-2cbe-4b72-8810-b8b41def526e?format=image&version=normal
C052,Mono White Lurrus Humans,1,1,1.2987012987012987,fZugARIUl3yRHWvPYlaonw,Mono White Humans by Ryan G - Sunday 12 PM MTGO Weekly,,,,Mono White Lurrus Humans,Mono White,Lurrus Humans,Champion of the Parish,Coppercoat Vanguard,Thalia's Lieutenant,https://api.scryfall.com/cards/f7314414-c2d2-48ed-af2c-764cf0207c62?format=image&version=normal
C053,Boros Energy,1,1,1.2987012987012987,fZugAZbpBHSeLWg58yYj5w,Boros Energy by Duncan - Sunday 12 PM MTGO Weekly,,,,Boros Energy,Boros,Energy,Brotherhood Scribe,Guide of Souls,Rally at the Hornburg,https://api.scryfall.com/cards/b751250e-ebf2-42b1-9a45-779b39974ba7?format=image&version=normal
C054,Restore Balance,1,1,1.2987012987012987,g7-gAefmcHCuQVJyaO0rQQ,Restore Balance by Haidle - MTGO Sunday Weekly 12 Noon EST,,,,Restore Balance,,Restore Balance,Fieldmist Borderpost,Firewild Borderpost,Greater Gargadon,https://api.scryfall.com/cards/9650a717-b1e4-4cd2-894d-766f6b311369?format=image&version=normal
C055,Mono Black Hogaak Pox,1,1,1.2987012987012987,gr-gAYI3a3iaP9gg060KAQ,The Plague Hatchery by Blackviper - MTGO Sunday Weekly 12 Noon EST,,,,Mono Black Hogaak Pox,Mono Black,Hogaak Pox,Smallpox,Timeline Culler,Bloodghast,https://api.scryfall.com/cards/93c8159b-8c1d-480a-b517-dbd67bba1838?format=image&version=normal
C056,Mono White Vial,1,1,1.2987012987012987,i_yfAUHpln2xNGxBtrV3Zg,Vial Wheenies by CapybaraHelpdesk (Ectobiologist) - EU Async league,,,,Mono White Vial,Mono White,Vial,Aether Vial,Prairie Dog,Lightstall Inquisitor,https://api.scryfall.com/cards/ff937493-c13c-48c3-a42f-7b15ee033759?format=image&version=normal
C057,Azorius Bane,1,1,1.2987012987012987,pbGgAWs-pn-F5_y_yYUHBQ,UW energy by Rubycandy - Thursday Webcam 7:30est,,,,Azorius Bane,Azorius,Bane,Ethereal Forager,Tune the Narrative,Sailors' Bane,https://api.scryfall.com/cards/97543d69-547e-41f8-9a4f-908e5eb0ee4a?format=image&version=normal
C058,Doom Fortold,1,1,1.2987012987012987,pqugAbjmS3mFrC1jg5nD9w,Orzhov doom foretold by OrzhovPixie / theycallmedub - Wednesday 7 PM MTGO Weekly,,,,Orzhov Doom Fortold,Orzhov,Doom Fortold,Astelli Reclaimer,Doom Foretold,Hopeless Nightmare,https://api.scryfall.com/cards/391703d3-9ffa-48bb-bf22-d0270395aecb?format=image&version=normal
C059,Simic Infect,1,1,1.2987012987012987,sLGgAV0Hm3q5ArFzwd7G7g,AINT SCHNO THA HALF by YENSHIN! - Thursday Webcam 7:30est,,,,Simic Infect,Simic,Infect,Blighted Agent,Embiggen,Glistener Elf,https://api.scryfall.com/cards/cddaebde-a060-4510-8c97-68432d931987?format=image&version=normal
C060,RW Converter,1,1,1.2987012987012987,st2fAWr4lH-8pfeKnmeQKA,rw converter by sciluap - EU Async league,,,,Boros Converter,Boros,Converter,Veteran Survivor,Hardened Academic,"Quintorius, History Chaser",https://api.scryfall.com/cards/39368ea2-f665-40b1-b042-c0182f7c6df0?format=image&version=normal
C061,Delver,1,1,1.2987012987012987,z4ygAdPO7nCBbpSnGMCK-Q,Mono-Blue Tempo by TicTacTacos - Thursday MTGO,,,,Delver,,Delver,Delver of Secrets // Insectile Aberration,Fading Hope,Merfolk Trickster,https://api.scryfall.com/cards/abff6c81-65a4-48fa-ba8f-580f87b0344a?format=image&version=normal
