event_date,event_name,event_url,placement,player,wins,losses,draws,record_raw,submitted_archetype,deck_url,source
2026-09-23,Wednesday MTGO – 9/23,https://vvmtg.com/wednesday-mtgo-9-23/,1,Incidentall,4,0,0,4-0,High Tide,https://moxfield.com/decks/dNCgAfPF9X2K_97bM3kZhA,vvmtg
2026-09-23,Wednesday MTGO – 9/23,https://vvmtg.com/wednesday-mtgo-9-23/,2,Doot,3,1,0,3-1,Fluctuator,https://moxfield.com/decks/NtCgAX67JHKO_62r-QLDCA,vvmtg
2026-09-23,Wednesday MTGO – 9/23,https://vvmtg.com/wednesday-mtgo-9-23/,3,ServoToken,3,1,0,3-1,RW Converter,https://moxfield.com/decks/ONCgAZC8RHmtwnTWnsk8ug,vvmtg
2026-09-23,Wednesday MTGO – 9/23,https://vvmtg.com/wednesday-mtgo-9-23/,4,Arrakeenpeasant,3,1,0,3-1,Creative Technique,https://moxfield.com/decks/atCgAUX5qnmQSDwsuA-9RA,vvmtg
2026-09-23,Wednesday MTGO – 9/23,https://vvmtg.com/wednesday-mtgo-9-23/,5,Plasma,3,1,0,3-1,Gruul Initiative,https://moxfield.com/decks/bNCgAQ9KMnGQTBctBoAh4g,vvmtg
2026-09-23,Wednesday MTGO – 9/23,https://vvmtg.com/wednesday-mtgo-9-23/,6,Arcanium,2,2,0,2-2,Sultai Stifle,https://moxfield.com/decks/D9CgAVUubXS9mmrkA_S_rQ,vvmtg
2026-09-23,Wednesday MTGO – 9/23,https://vvmtg.com/wednesday-mtgo-9-23/,7,XSDreams,1,3,0,1-3,Rakdos Lurrus,https://moxfield.com/decks/bdCgAeVLJ3OkuMNOdscMvg,vvmtg
2026-09-23,Wednesday MTGO – 9/23,https://vvmtg.com/wednesday-mtgo-9-23/,8,Forkpapi,1,2,0,1-2,Rakdos Lurrus,https://moxfield.com/decks/hM-gAclnyH6EdcogAMwnyg,vvmtg
2026-09-23,Wednesday MTGO – 9/23,https://vvmtg.com/wednesday-mtgo-9-23/,9,Wtnautical,1,3,0,1-3,Selesnya Convoke,https://moxfield.com/decks/e9CgAbfJIXCycRGoo-AwAA,vvmtg
2026-09-23,Wednesday MTGO – 9/23,https://vvmtg.com/wednesday-mtgo-9-23/,10,Pizzamaw,1,3,0,1-3,Azorius Affinity,https://moxfield.com/decks/dtCgAZuV6Xy6rVPn_5SRig,vvmtg
2026-09-23,Wednesday MTGO – 9/23,https://vvmtg.com/wednesday-mtgo-9-23/,11,Olozaur,1,2,0,1-2,Dimir Control,https://moxfield.com/decks/Z9CgAbd233y28w9481zwAw,vvmtg
2026-09-23,Wednesday MTGO – 9/23,https://vvmtg.com/wednesday-mtgo-9-23/,12,Duncan,0,1,0,0-1,Mono Red Midrange,https://moxfield.com/decks/Q9CgAWgTx3q6tAXlHb3pZQ,vvmtg
2026-09-20,MTGO Sunday Weekly 9-20-2026,https://vvmtg.com/mtgo-sunday-weekly-9-20-2026/,1,Haidle,4,0,0,4-0,Restore Balance,https://moxfield.com/decks/g7-gAefmcHCuQVJyaO0rQQ,vvmtg
2026-09-20,MTGO Sunday Weekly 9-20-2026,https://vvmtg.com/mtgo-sunday-weekly-9-20-2026/,2,Incidentall,3,1,0,3-1,High Tide,https://moxfield.com/decks/gr-gAWaZJneSqEWcVhhv6Q,vvmtg
2026-09-20,MTGO Sunday Weekly 9-20-2026,https://vvmtg.com/mtgo-sunday-weekly-9-20-2026/,3,Forkpapi,3,1,0,3-1,Broodscale Combo,https://moxfield.com/decks/G72gAS0MKXiYXckGCSsb_w,vvmtg
2026-09-20,MTGO Sunday Weekly 9-20-2026,https://vvmtg.com/mtgo-sunday-weekly-9-20-2026/,4,VacatedDrake,3,1,0,3-1,Azorius Nulldrifter,https://moxfield.com/decks/brygAaUl536hGZk0PnNLoA,vvmtg
2026-09-20,MTGO Sunday Weekly 9-20-2026,https://vvmtg.com/mtgo-sunday-weekly-9-20-2026/,5,Sean – GreenGang,2,2,0,2-2,Bant Breakfast,https://moxfield.com/decks/Zr-gAdLTXnam57Lc6ZoRmw,vvmtg
2026-09-20,MTGO Sunday Weekly 9-20-2026,https://vvmtg.com/mtgo-sunday-weekly-9-20-2026/,6,Korbyn,2,2,0,2-2,Mono Black Demons,https://moxfield.com/decks/fr-gAZZW6HODNOyA2z4xAQ,vvmtg
2026-09-20,MTGO Sunday Weekly 9-20-2026,https://vvmtg.com/mtgo-sunday-weekly-9-20-2026/,7,Jacob M.,2,2,0,2-2,Affinity,https://moxfield.com/decks/Yr-gAeBRg3GN0iLYu7-P4g,vvmtg
2026-09-20,MTGO Sunday Weekly 9-20-2026,https://vvmtg.com/mtgo-sunday-weekly-9-20-2026/,8,ServoToken,1,3,0,1-3,Amalia Combo,https://moxfield.com/decks/Ab-gAU5m1XKT_b5vtfk9fw,vvmtg
2026-09-20,MTGO Sunday Weekly 9-20-2026,https://vvmtg.com/mtgo-sunday-weekly-9-20-2026/,9,Olozaur,1,3,0,1-3,Dimir Occupation,https://moxfield.com/decks/sb6gAcbyZH66ZZRiFZI7dQ,vvmtg
2026-09-20,MTGO Sunday Weekly 9-20-2026,https://vvmtg.com/mtgo-sunday-weekly-9-20-2026/,10,Devfizzle,1,3,0,1-3,Temur Rhinos,https://moxfield.com/decks/Wb-gAXSvOHOGGm5R8wxmEg,vvmtg
2026-09-20,MTGO Sunday Weekly 9-20-2026,https://vvmtg.com/mtgo-sunday-weekly-9-20-2026/,11,ToadBrews,0,2,0,0-2,Necroflux,https://moxfield.com/decks/Z7-gAbfh3ne06nj8YaXokw,vvmtg
2026-09-20,MTGO Sunday Weekly 9-20-2026,https://vvmtg.com/mtgo-sunday-weekly-9-20-2026/,12,Blackviper,0,2,0,0-2,Mono Black Hogaak Pox,https://moxfield.com/decks/gr-gAYI3a3iaP9gg060KAQ,vvmtg
2026-09-17,Webcam Thursday Biweekly 9-17-26,https://vvmtg.com/webcam-thursday-biweekly-9-17-26/,1,Forkpapi,2,1,0,2-1,Izzet Looting,https://moxfield.com/decks/kq-gAcvhNHqJG-tyaGh-tQ,vvmtg
2026-09-17,Webcam Thursday Biweekly 9-17-26,https://vvmtg.com/webcam-thursday-biweekly-9-17-26/,2,Yenshin,2,1,0,2-1,Simic Infect,https://moxfield.com/decks/sLGgAV0Hm3q5ArFzwd7G7g,vvmtg
2026-09-17,Webcam Thursday Biweekly 9-17-26,https://vvmtg.com/webcam-thursday-biweekly-9-17-26/,3,Arcanium,2,1,0,2-1,Mono Red Burn,https://moxfield.com/decks/nbGgAZZiMX-PovGKEcHtoA,vvmtg
2026-09-17,Webcam Thursday Biweekly 9-17-26,https://vvmtg.com/webcam-thursday-biweekly-9-17-26/,4,Wtnautical,1,1,1,1-1-1,Rakdos Lurrus,https://moxfield.com/decks/qrGgAbGrDHCsNI2uu-qGVw,vvmtg
2026-09-17,Webcam Thursday Biweekly 9-17-26,https://vvmtg.com/webcam-thursday-biweekly-9-17-26/,5,Rubycandy,1,2,0,1-2,Azorius Bane,https://moxfield.com/decks/pbGgAWs-pn-F5_y_yYUHBQ,vvmtg
2026-09-17,Webcam Thursday Biweekly 9-17-26,https://vvmtg.com/webcam-thursday-biweekly-9-17-26/,6,Autocorrevt,0,2,1,0-2-1,Glimpse Elves,https://moxfield.com/decks/fLGgARroJX2p5WZBcH-g6g,vvmtg
2026-09-16,MTGO Wednesday Weekly 9/16/26,https://vvmtg.com/mtgo-wednesday-weekly-9-16-26/,1,incidentall,4,0,0,4-0,High Tide,https://moxfield.com/decks/ZaygAXyiinWYhhHgmvyv7Q,vvmtg
2026-09-16,MTGO Wednesday Weekly 9/16/26,https://vvmtg.com/mtgo-wednesday-weekly-9-16-26/,2,JasonJason,4,0,0,4-0,RW Converter,https://moxfield.com/decks/96ugAWpY0nGX9OnPzGv8rQ,vvmtg
2026-09-16,MTGO Wednesday Weekly 9/16/26,https://vvmtg.com/mtgo-wednesday-weekly-9-16-26/,3,Plasma,3,1,0,3-1,RG Initiative,https://www.moxfield.com/decks/TaygAd_p6H-Bfl5V_rFD-A,vvmtg
2026-09-16,MTGO Wednesday Weekly 9/16/26,https://vvmtg.com/mtgo-wednesday-weekly-9-16-26/,4,Foster,3,1,0,3-1,Meria PO,https://www.moxfield.com/decks/aqygAWuBy3q-DA8IHmHwJg,vvmtg
2026-09-16,MTGO Wednesday Weekly 9/16/26,https://vvmtg.com/mtgo-wednesday-weekly-9-16-26/,5,pizzamaw,3,1,0,3-1,Affinity,https://www.moxfield.com/decks/caygAcUWPXy4tE4hPe86MA,vvmtg
2026-09-16,MTGO Wednesday Weekly 9/16/26,https://vvmtg.com/mtgo-wednesday-weekly-9-16-26/,6,ForkPapi,2,2,0,2-2,Grixis Annex,https://www.moxfield.com/decks/aaygAXBR83KTpz-aSYrjSA,vvmtg
2026-09-16,MTGO Wednesday Weekly 9/16/26,https://vvmtg.com/mtgo-wednesday-weekly-9-16-26/,7,Rob D.,2,2,0,2-2,RB Lurrus,https://www.moxfield.com/decks/3qqgARMwEHSYKwn7U2Rfzg,vvmtg
2026-09-16,MTGO Wednesday Weekly 9/16/26,https://vvmtg.com/mtgo-wednesday-weekly-9-16-26/,8,Ariya,2,2,0,2-2,Lessons,https://www.moxfield.com/decks/YaygAeg1C3GNUN7x7CUYMQ,vvmtg
2026-09-16,MTGO Wednesday Weekly 9/16/26,https://vvmtg.com/mtgo-wednesday-weekly-9-16-26/,9,Vacated Drake,2,2,0,2-2,UW Control,https://www.moxfield.com/decks/bKygAe6BznKFmfDft_XIdg,vvmtg
2026-09-16,MTGO Wednesday Weekly 9/16/26,https://vvmtg.com/mtgo-wednesday-weekly-9-16-26/,10,Bobbunny,2,1,0,2-1,Burn,https://www.moxfield.com/decks/F6ygAQWGX3S3CgxGuQzGoA,vvmtg
2026-09-16,MTGO Wednesday Weekly 9/16/26,https://vvmtg.com/mtgo-wednesday-weekly-9-16-26/,11,ravensfanaustin,2,2,0,2-2,Creativity,https://www.moxfield.com/decks/UaygAaunsnGm2QOi5gr3iw,vvmtg
2026-09-16,MTGO Wednesday Weekly 9/16/26,https://vvmtg.com/mtgo-wednesday-weekly-9-16-26/,12,themuller,1,2,0,1-2,RDW,https://www.moxfield.com/decks/e6qgAR2s9HeRLRGgmvbzwg,vvmtg
2026-09-16,MTGO Wednesday Weekly 9/16/26,https://vvmtg.com/mtgo-wednesday-weekly-9-16-26/,13,Doot,1,3,0,1-3,UG Tempo,https://www.moxfield.com/decks/WKygAY_N3nCGgYqEdNdXVA,vvmtg
2026-09-16,MTGO Wednesday Weekly 9/16/26,https://vvmtg.com/mtgo-wednesday-weekly-9-16-26/,14,Devfizzle,1,3,0,1-3,BW Midrange,https://www.moxfield.com/decks/bqugAZMcpXm0p7wb4MDpPg,vvmtg
2026-09-16,MTGO Wednesday Weekly 9/16/26,https://vvmtg.com/mtgo-wednesday-weekly-9-16-26/,15,Wtnautical,1,3,0,1-3,Mono White Midrange,https://www.moxfield.com/decks/PqygAVFds36j-Sz1wXrIIQ,vvmtg
2026-09-16,MTGO Wednesday Weekly 9/16/26,https://vvmtg.com/mtgo-wednesday-weekly-9-16-26/,16,Brutongaster,1,3,0,1-3,Show and Tell,https://www.moxfield.com/decks/caygAZlt2XeCk83vzq_ZaQ,vvmtg
2026-09-16,MTGO Wednesday Weekly 9/16/26,https://vvmtg.com/mtgo-wednesday-weekly-9-16-26/,17,Arcanium,1,3,0,1-3,Scam,https://www.moxfield.com/decks/W6ugAYQyKnuodk0DG-8zHw,vvmtg
2026-09-16,MTGO Wednesday Weekly 9/16/26,https://vvmtg.com/mtgo-wednesday-weekly-9-16-26/,18,ToadBrews,1,3,0,1-3,Temur Control,https://www.moxfield.com/decks/ZKygAbsbjnqrKvrr5Ob_YA,vvmtg
2026-09-16,MTGO Wednesday Weekly 9/16/26,https://vvmtg.com/mtgo-wednesday-weekly-9-16-26/,19,OrzhovPixie,0,1,0,0-1,Doom Fortold,https://www.moxfield.com/decks/pqugAbjmS3mFrC1jg5nD9w,vvmtg
2026-09-13,MTGO Sunday Weekly 9/13/26,https://vvmtg.com/mtgo-sunday-weekly-9-13-26/,1,Secular Sam,4,0,0,4-0,Mono Black Annex,https://moxfield.com/decks/cZugAbO_Z3276RbCz496WA,vvmtg
2026-09-13,MTGO Sunday Weekly 9/13/26,https://vvmtg.com/mtgo-sunday-weekly-9-13-26/,2,Ryan G.,3,1,0,3-1,Mono White Lurrus Humans,https://moxfield.com/decks/fZugARIUl3yRHWvPYlaonw,vvmtg
2026-09-13,MTGO Sunday Weekly 9/13/26,https://vvmtg.com/mtgo-sunday-weekly-9-13-26/,3,bugsbugz,3,1,0,3-1,Heartfire Hero,https://moxfield.com/decks/dZugAa-mJHqyahxDfYAHHw,vvmtg
2026-09-13,MTGO Sunday Weekly 9/13/26,https://vvmtg.com/mtgo-sunday-weekly-9-13-26/,4,Duncan,3,1,0,3-1,Boros Energy,https://moxfield.com/decks/fZugAZbpBHSeLWg58yYj5w,vvmtg
2026-09-13,MTGO Sunday Weekly 9/13/26,https://vvmtg.com/mtgo-sunday-weekly-9-13-26/,5,Blackviper,3,1,0,3-1,Green Black Hogaak,https://moxfield.com/decks/f5ugAaNCrnO_dyFs6RREFg,vvmtg
2026-09-13,MTGO Sunday Weekly 9/13/26,https://vvmtg.com/mtgo-sunday-weekly-9-13-26/,6,ServoToken,2,2,0,2-2,Blue Post,https://moxfield.com/decks/U5ugAcXu4HuhdsjdaNhyEQ,vvmtg
2026-09-13,MTGO Sunday Weekly 9/13/26,https://vvmtg.com/mtgo-sunday-weekly-9-13-26/,7,TheWatchWander,2,2,0,2-2,High Tide,https://moxfield.com/decks/fJugAff1DXy4pum3n5tkgw,vvmtg
2026-09-13,MTGO Sunday Weekly 9/13/26,https://vvmtg.com/mtgo-sunday-weekly-9-13-26/,8,Korbyn,2,2,0,2-2,Mono Black Annex,https://moxfield.com/decks/SJugAd0qDH2NtfILsbhgjw,vvmtg
2026-09-13,MTGO Sunday Weekly 9/13/26,https://vvmtg.com/mtgo-sunday-weekly-9-13-26/,9,Jacob M.,2,2,0,2-2,Izzet Looting,https://moxfield.com/decks/cpugAX30EHqLxJDkq1t5-g,vvmtg
2026-09-13,MTGO Sunday Weekly 9/13/26,https://vvmtg.com/mtgo-sunday-weekly-9-13-26/,10,Forkpapi,1,3,0,1-3,Red Post,https://moxfield.com/decks/X5ugAXU_4nWUJS94LG4Xhg,vvmtg
2026-09-13,MTGO Sunday Weekly 9/13/26,https://vvmtg.com/mtgo-sunday-weekly-9-13-26/,11,Devfizzle,1,3,0,1-3,Mono White Taxes,https://moxfield.com/decks/4pqgASZZw3KItxX1pqEieA,vvmtg
2026-09-13,MTGO Sunday Weekly 9/13/26,https://vvmtg.com/mtgo-sunday-weekly-9-13-26/,12,Jacob L.,1,2,0,1-2,GW Initiative,https://moxfield.com/decks/fJugAQy2j32G0X0qB3bzcQ,vvmtg
2026-09-13,MTGO Sunday Weekly 9/13/26,https://vvmtg.com/mtgo-sunday-weekly-9-13-26/,13,zmyers,1,3,0,1-3,5 Color Zuberas,https://moxfield.com/decks/UpugAZcmzn2WxPBvvNcV7A,vvmtg
2026-09-13,MTGO Sunday Weekly 9/13/26,https://vvmtg.com/mtgo-sunday-weekly-9-13-26/,14,Wtnautical,0,4,0,0-4,Mono White Midrange,https://moxfield.com/decks/dZugAYD7OHiaz7r6WHwLgQ,vvmtg
2026-09-10,Thursday MTGO BiWeekly 9/10/26,https://vvmtg.com/thursday-mtgo-biweekly-9-10-26/,1,Jason.jason,3,0,0,3-0,RW Converter,https://moxfield.com/decks/iY2gAU8Nb36B-v8N16H-dw,vvmtg
2026-09-10,Thursday MTGO BiWeekly 9/10/26,https://vvmtg.com/thursday-mtgo-biweekly-9-10-26/,2,Wtnautical,2,1,0,2-1,Mono White Midrnage,https://moxfield.com/decks/fY2gAeSkP3uu-fBFlG0q-g,vvmtg
2026-09-10,Thursday MTGO BiWeekly 9/10/26,https://vvmtg.com/thursday-mtgo-biweekly-9-10-26/,3,Vacated Drake,2,1,0,2-1,Bant Nulldrifter,https://moxfield.com/decks/HIygAbPow3qWLy2DVmmZrw,vvmtg
2026-09-10,Thursday MTGO BiWeekly 9/10/26,https://vvmtg.com/thursday-mtgo-biweekly-9-10-26/,4,Themuller,1,2,0,1-2,Bant Thopter Sword,https://moxfield.com/decks/cI2gATDb3nOf35rR2QPZhA,vvmtg
2026-09-10,Thursday MTGO BiWeekly 9/10/26,https://vvmtg.com/thursday-mtgo-biweekly-9-10-26/,5,Ariya,1,2,0,1-2,Mono Black Aggro,https://moxfield.com/decks/Qo2gAZe1THm7AtHuRLEYMw,vvmtg
2026-09-10,Thursday MTGO BiWeekly 9/10/26,https://vvmtg.com/thursday-mtgo-biweekly-9-10-26/,6,TicTacTacos,0,3,0,0-3,Delver,https://moxfield.com/decks/z4ygAdPO7nCBbpSnGMCK-Q,vvmtg
2026-09-07,August EU Async League 2026,https://vvmtg.com/august-eu-async-league-2026/,1,Sciluap,3,0,0,3-0,RW Converter,https://www.moxfield.com/decks/st2fAWr4lH-8pfeKnmeQKA,vvmtg
2026-09-07,August EU Async League 2026,https://vvmtg.com/august-eu-async-league-2026/,2,Olozaur,2,1,0,2-1,Mono Black Asmo Reanimator,https://moxfield.com/decks/IdufAZdy5X6mxktYn1Fjiw,vvmtg
2026-09-07,August EU Async League 2026,https://vvmtg.com/august-eu-async-league-2026/,3,cloudy,2,1,0,2-1,Lotus Field Combo,https://moxfield.com/decks/ZvufAVz9E3SI1DNQvFl2Xg,vvmtg
2026-09-07,August EU Async League 2026,https://vvmtg.com/august-eu-async-league-2026/,4,TyrantNeptune,2,1,0,2-1,Azorius Nulldrifter Control,https://www.moxfield.com/decks/J9OfAYf_wHmRFJHNi58yXA,vvmtg
2026-09-07,August EU Async League 2026,https://vvmtg.com/august-eu-async-league-2026/,5,Felix,1,2,0,1-2,Breakfast Affinity,https://www.moxfield.com/decks/BfifASjFs3upUppvuy6A0g,vvmtg
2026-09-07,August EU Async League 2026,https://vvmtg.com/august-eu-async-league-2026/,6,Paul,1,2,0,1-2,Energy Boom,https://www.moxfield.com/decks/LfifAYIbrn6yAqrpHhFHIg,vvmtg
2026-09-07,August EU Async League 2026,https://vvmtg.com/august-eu-async-league-2026/,7,CapybaraHelpdeck,1,2,0,1-2,Mono White Vial,https://moxfield.com/decks/i_yfAUHpln2xNGxBtrV3Zg,vvmtg
2026-09-07,August EU Async League 2026,https://vvmtg.com/august-eu-async-league-2026/,8,Sarah,0,3,0,0-3,Orzhov Lantern Control,https://moxfield.com/decks/29OfAY0ZMn6tHZHYNrxOXQ,vvmtg
2026-09-02,MTGO Wednesday Weekly 9/2/26,https://vvmtg.com/mtgo-wednesday-weekly-9-2-26/,1,Plasma,4,0,0,4-0,Gruul Initiative,https://moxfield.com/decks/TGSgAdffdXa3qHhykDFyzg,vvmtg
2026-09-02,MTGO Wednesday Weekly 9/2/26,https://vvmtg.com/mtgo-wednesday-weekly-9-2-26/,2,Forkpapi,3,1,0,3-1,Green White Initiative,https://moxfield.com/decks/MWSgAR-hNn-kC8RF5XVkJQ,vvmtg
2026-09-02,MTGO Wednesday Weekly 9/2/26,https://vvmtg.com/mtgo-wednesday-weekly-9-2-26/,3,Prince Roo,3,1,0,3-1,Blue Post,https://moxfield.com/decks/TmSgAb-0_X6VdQbj2nPZFg,vvmtg
2026-09-02,MTGO Wednesday Weekly 9/2/26,https://vvmtg.com/mtgo-wednesday-weekly-9-2-26/,4,Sean – GreenGang,3,1,0,3-1,Midrange Breakfast,https://moxfield.com/decks/T2SgAcOre32nB-Wx2Ux-rA,vvmtg
2026-09-02,MTGO Wednesday Weekly 9/2/26,https://vvmtg.com/mtgo-wednesday-weekly-9-2-26/,5,VacatedDrake,3,1,0,3-1,Azorius Control,https://moxfield.com/decks/N2SgAa9KbXmX6oBps_96dg,vvmtg
2026-09-02,MTGO Wednesday Weekly 9/2/26,https://vvmtg.com/mtgo-wednesday-weekly-9-2-26/,6,Haidle,2,2,0,2-2,Mono Blue Dredge,https://moxfield.com/decks/R2SgAbU9JH-kJoYlUj314g,vvmtg
2026-09-02,MTGO Wednesday Weekly 9/2/26,https://vvmtg.com/mtgo-wednesday-weekly-9-2-26/,7,Arcanium,2,2,0,2-2,Sultai Food,https://moxfield.com/decks/e2OgAchjOnS2kwsclRaUjQ,vvmtg
2026-09-02,MTGO Wednesday Weekly 9/2/26,https://vvmtg.com/mtgo-wednesday-weekly-9-2-26/,8,ServoToken,2,2,0,2-2,Blue Post,https://moxfield.com/decks/Q2SgAb0qLXKS1tlLPLqVlA,vvmtg
2026-09-02,MTGO Wednesday Weekly 9/2/26,https://vvmtg.com/mtgo-wednesday-weekly-9-2-26/,9,Secular Sam,2,2,0,2-2,Green Post,https://moxfield.com/decks/Q2SgAQaIMnqS1vhz-T-rzA,vvmtg
2026-09-02,MTGO Wednesday Weekly 9/2/26,https://vvmtg.com/mtgo-wednesday-weekly-9-2-26/,10,Nicros,2,2,0,2-2,Blue Affinity Breakfast,https://moxfield.com/decks/8WOgAVyb3nKO2qjqEGMuAw,vvmtg
2026-09-02,MTGO Wednesday Weekly 9/2/26,https://vvmtg.com/mtgo-wednesday-weekly-9-2-26/,11,ToadBrews,2,2,0,2-2,Gitrog Combo,https://moxfield.com/decks/6mOgATuBFnW43HJzMjLy5g,vvmtg
2026-09-02,MTGO Wednesday Weekly 9/2/26,https://vvmtg.com/mtgo-wednesday-weekly-9-2-26/,12,Doot,2,2,0,2-2,Simic Oath,https://moxfield.com/decks/RGSgAQ4E5n-Iv9j15sR-3g,vvmtg
2026-09-02,MTGO Wednesday Weekly 9/2/26,https://vvmtg.com/mtgo-wednesday-weekly-9-2-26/,13,XSDreams,1,3,0,1-3,Rakdos Lurrus,https://moxfield.com/decks/gGKgAeXVB3GytSUHjdm-UQ,vvmtg
2026-09-02,MTGO Wednesday Weekly 9/2/26,https://vvmtg.com/mtgo-wednesday-weekly-9-2-26/,14,Incidentall,0,2,0,0-2,High Tide,https://moxfield.com/decks/wGOgAfEolnCdfEmdr2fz2Q,vvmtg
2026-09-02,MTGO Wednesday Weekly 9/2/26,https://vvmtg.com/mtgo-wednesday-weekly-9-2-26/,15,TheOneTman,0,4,0,0-4,Dimir Nightmare,https://moxfield.com/decks/U2SgAfE4dHuphQ8eUe1a9g,vvmtg
2026-09-02,MTGO Wednesday Weekly 9/2/26,https://vvmtg.com/mtgo-wednesday-weekly-9-2-26/,16,Bud1304,0,2,0,0-2,Boros Control,https://moxfield.com/decks/LGSgAU-lGHireQJwCFQAhg,vvmtg
2026-09-02,MTGO Wednesday Weekly 9/2/26,https://vvmtg.com/mtgo-wednesday-weekly-9-2-26/,17,Zonink,0,1,0,0-1,Blue White Spirits,https://moxfield.com/decks/NWSgAfj0SX2PWfYLMcVTVQ,vvmtg
2026-08-27,Thursday MTGO Biweekly 8/27/26,https://vvmtg.com/thursday-mtgo-biweekly-8-27-26/,1,Ariya,4,0,0,4-0,Mono Black Devotion,https://moxfield.com/decks/aEWgAWD3zHCZp_UGARqkhA,vvmtg
2026-08-27,Thursday MTGO Biweekly 8/27/26,https://vvmtg.com/thursday-mtgo-biweekly-8-27-26/,2,ForkPapi,3,1,0,3-1,RW Legends,https://moxfield.com/decks/XkWgAf5tk3CZGc4rU9Skbw,vvmtg
2026-08-27,Thursday MTGO Biweekly 8/27/26,https://vvmtg.com/thursday-mtgo-biweekly-8-27-26/,3,JasonJason,3,1,0,3-1,RG Cascade,https://moxfield.com/decks/WkWgAWezuX-nDpOQL-7B-A,vvmtg
2026-08-27,Thursday MTGO Biweekly 8/27/26,https://vvmtg.com/thursday-mtgo-biweekly-8-27-26/,4,Plasma,3,1,0,3-1,Cephalid Breakfast,https://moxfield.com/decks/UUWgAU0JpHyVkB9OO1OrOg,vvmtg
2026-08-27,Thursday MTGO Biweekly 8/27/26,https://vvmtg.com/thursday-mtgo-biweekly-8-27-26/,5,Pox Fanatic,2,2,0,2-2,UW Flash,https://moxfield.com/decks/LEWgAf36Z3ma91TC4-1B8Q,vvmtg
2026-08-27,Thursday MTGO Biweekly 8/27/26,https://vvmtg.com/thursday-mtgo-biweekly-8-27-26/,6,ToadBrews,2,2,0,2-2,GB Annex,https://moxfield.com/decks/IkWgAaV_E3a_oDckjED14g,vvmtg
2026-08-27,Thursday MTGO Biweekly 8/27/26,https://vvmtg.com/thursday-mtgo-biweekly-8-27-26/,7,whiskey_fool,2,2,0,2-2,Goblins,https://moxfield.com/decks/XkWgARqu5XWLAyx90unLlQ,vvmtg
2026-08-27,Thursday MTGO Biweekly 8/27/26,https://vvmtg.com/thursday-mtgo-biweekly-8-27-26/,8,Olozaur,2,2,0,2-2,Mono Green Landfall,https://moxfield.com/decks/X0WgAdpuE3eZ6tMWMoOj4w,vvmtg
2026-08-27,Thursday MTGO Biweekly 8/27/26,https://vvmtg.com/thursday-mtgo-biweekly-8-27-26/,9,Jacob M.,1,3,0,1-3,Mono Black Aggro,https://moxfield.com/decks/R0WgAQp7Gn-pZg8FzbJ3GA,vvmtg
2026-08-27,Thursday MTGO Biweekly 8/27/26,https://vvmtg.com/thursday-mtgo-biweekly-8-27-26/,10,themuller,0,2,0,0-2,Sultai Thopter Sword,https://moxfield.com/decks/CUWgAU-IxXiGyJ8uiFuAgA,vvmtg
2026-08-27,Thursday MTGO Biweekly 8/27/26,https://vvmtg.com/thursday-mtgo-biweekly-8-27-26/,11,Roby,0,4,0,0-4,Goblins,https://moxfield.com/decks/W0WgAUK1HH6QgKJ1SnY7SQ,vvmtg
2026-08-26,Wednesday MTGO Weekly 8/26/26,https://vvmtg.com/wednesday-mtgo-weekly-8-26-26/,1,OrzhovPixie,4,0,0,4-0,Doom Foretold,https://moxfield.com/decks/R0CgAdp7-nqYIj683dA9Ug,vvmtg
2026-08-26,Wednesday MTGO Weekly 8/26/26,https://vvmtg.com/wednesday-mtgo-weekly-8-26-26/,2,Secular Sam,3,1,0,3-1,Eldrazi Post,https://moxfield.com/decks/Q0CgAUiU2Hq-XNXNini5-A,vvmtg
2026-08-26,Wednesday MTGO Weekly 8/26/26,https://vvmtg.com/wednesday-mtgo-weekly-8-26-26/,3,BigChefCookEm,3,1,0,3-1,5c Niv to Light,https://moxfield.com/decks/OECgAYq1u32QmU_URXdYTA,vvmtg
2026-08-26,Wednesday MTGO Weekly 8/26/26,https://vvmtg.com/wednesday-mtgo-weekly-8-26-26/,4,Pox Fanatic,3,1,0,3-1,UB Enchantments,https://moxfield.com/decks/TUCgAdmd9HmUT_RiXgq5XQ,vvmtg
2026-08-26,Wednesday MTGO Weekly 8/26/26,https://vvmtg.com/wednesday-mtgo-weekly-8-26-26/,5,Forkpapi,3,1,0,3-1,UR Looting,https://moxfield.com/decks/EUCgASlJ2XKXn3-kgLBoLQ,vvmtg
2026-08-26,Wednesday MTGO Weekly 8/26/26,https://vvmtg.com/wednesday-mtgo-weekly-8-26-26/,6,Wtnautical,3,1,0,3-1,Mono White Midrange,https://moxfield.com/decks/zz6gAbEZXHiC-F3ZLMhr6w,vvmtg
2026-08-26,Wednesday MTGO Weekly 8/26/26,https://vvmtg.com/wednesday-mtgo-weekly-8-26-26/,7,Incidentall,2,1,0,2-1,High Tide,https://moxfield.com/decks/P0CgAWmqL36btamZKuJS9A,vvmtg
2026-08-26,Wednesday MTGO Weekly 8/26/26,https://vvmtg.com/wednesday-mtgo-weekly-8-26-26/,8,whiskey_fool,2,2,0,2-2,Goblins,https://moxfield.com/decks/MUCgAY1rnXGm3TfQtd6g3g,vvmtg
2026-08-26,Wednesday MTGO Weekly 8/26/26,https://vvmtg.com/wednesday-mtgo-weekly-8-26-26/,9,Arcanium,2,2,0,2-2,Jeskai Legends,https://moxfield.com/decks/CECgAYR-VXqGza2YIbjK1A,vvmtg
2026-08-26,Wednesday MTGO Weekly 8/26/26,https://vvmtg.com/wednesday-mtgo-weekly-8-26-26/,10,Rob D.,2,2,0,2-2,Rack,https://moxfield.com/decks/BUCgAVPr-36Q6wC5pBifpg,vvmtg
2026-08-26,Wednesday MTGO Weekly 8/26/26,https://vvmtg.com/wednesday-mtgo-weekly-8-26-26/,11,EMoore117,2,2,0,2-2,RDW,https://moxfield.com/decks/N0CgAePfHHOJHCpBuLXihw,vvmtg
2026-08-26,Wednesday MTGO Weekly 8/26/26,https://vvmtg.com/wednesday-mtgo-weekly-8-26-26/,12,Gaiametris,1,3,0,1-3,Blue Post,https://moxfield.com/decks/JECgAfTLFXGEWIJ8SEMUYA,vvmtg
2026-08-26,Wednesday MTGO Weekly 8/26/26,https://vvmtg.com/wednesday-mtgo-weekly-8-26-26/,13,Blackviper,1,3,0,1-3,Reanimator,https://moxfield.com/decks/R0CgAZs4zXueOL5wDXmd0w,vvmtg
2026-08-26,Wednesday MTGO Weekly 8/26/26,https://vvmtg.com/wednesday-mtgo-weekly-8-26-26/,14,Sequenced,1,1,0,1-1,Pox,https://moxfield.com/decks/LECgAU-J4XOVMvJ9TNwAFw,vvmtg
2026-08-26,Wednesday MTGO Weekly 8/26/26,https://vvmtg.com/wednesday-mtgo-weekly-8-26-26/,15,Zonink,1,3,0,1-3,Oath of Druids,https://moxfield.com/decks/RkCgAY5db3SV-N6_FHOoow,vvmtg
2026-08-26,Wednesday MTGO Weekly 8/26/26,https://vvmtg.com/wednesday-mtgo-weekly-8-26-26/,16,Devfizzle,1,3,0,1-3,High Alert,https://moxfield.com/decks/sj6gAY1UfX64n1nO63OZUg,vvmtg
2026-08-26,Wednesday MTGO Weekly 8/26/26,https://vvmtg.com/wednesday-mtgo-weekly-8-26-26/,17,ravensfanaustin,1,2,0,1-2,Fleshraker Post,https://moxfield.com/decks/_j-gAX3SWnSS2jPLBzIK0w,vvmtg
2026-08-26,Wednesday MTGO Weekly 8/26/26,https://vvmtg.com/wednesday-mtgo-weekly-8-26-26/,18,Ariya,0,1,0,0-1,Mono Blue Terror,https://moxfield.com/decks/TECgAZa2cXuK2CUKObkTxA,vvmtg
2026-08-26,Wednesday MTGO Weekly 8/26/26,https://vvmtg.com/wednesday-mtgo-weekly-8-26-26/,19,ToadBrews,0,3,0,0-3,Grixis Mishra Tinker,https://moxfield.com/decks/5D-gAYvx8nWXVCR4CmZQVg,vvmtg
2026-08-23,Sunday Weekly MTGO 8/23/26,https://vvmtg.com/sunday-weekly-mtgo-8-23-26/,1,Jacob L.,4,0,0,4-0,GW Midrange,https://moxfield.com/decks/Qy-gAbbwxnuu2HHzyzOCzw,vvmtg
2026-08-23,Sunday Weekly MTGO 8/23/26,https://vvmtg.com/sunday-weekly-mtgo-8-23-26/,2,Sean,3,1,0,3-1,Cephalid Breakfast,https://moxfield.com/decks/Ui-gASiC9XqkMEzXse0T4w,vvmtg
2026-08-23,Sunday Weekly MTGO 8/23/26,https://vvmtg.com/sunday-weekly-mtgo-8-23-26/,3,ServoToken,3,1,0,3-1,Pyre Humans,https://moxfield.com/decks/Ky-gAafgeHO2i8dIU1mBSw,vvmtg
2026-08-23,Sunday Weekly MTGO 8/23/26,https://vvmtg.com/sunday-weekly-mtgo-8-23-26/,4,Secular Sam,3,1,0,3-1,Creative Technique,https://moxfield.com/decks/VC-gATSuwHu52-9dZ0hkDw,vvmtg
2026-08-23,Sunday Weekly MTGO 8/23/26,https://vvmtg.com/sunday-weekly-mtgo-8-23-26/,5,cloudy,2,2,0,2-2,High Tide,https://moxfield.com/decks/Ky-gAcbCMHGhG6_5mnrp1g,vvmtg
2026-08-23,Sunday Weekly MTGO 8/23/26,https://vvmtg.com/sunday-weekly-mtgo-8-23-26/,6,korbyn,2,2,0,2-2,Burn,https://moxfield.com/decks/Qi-gAWS1v3OIawfBfmqOIw,vvmtg
2026-08-23,Sunday Weekly MTGO 8/23/26,https://vvmtg.com/sunday-weekly-mtgo-8-23-26/,7,blackviper,2,2,0,2-2,Eldrazi Post,https://moxfield.com/decks/Pi-gAXFkhHaod5bdWLxXaw,vvmtg
2026-08-23,Sunday Weekly MTGO 8/23/26,https://vvmtg.com/sunday-weekly-mtgo-8-23-26/,8,Doot,2,2,0,2-2,Fluctuator,https://moxfield.com/decks/Ry-gAZa3N3mCkPlxGwMSXQ,vvmtg
2026-08-23,Sunday Weekly MTGO 8/23/26,https://vvmtg.com/sunday-weekly-mtgo-8-23-26/,9,Sequenced,2,2,0,2-2,Rack,https://moxfield.com/decks/KS-gAYL1aHmSTEHxcBoyfQ,vvmtg
2026-08-23,Sunday Weekly MTGO 8/23/26,https://vvmtg.com/sunday-weekly-mtgo-8-23-26/,10,Jacob M.,2,2,0,2-2,Momo D&T,https://moxfield.com/decks/Ki-gAV8xc3OeHahZTVZw-Q,vvmtg
2026-08-23,Sunday Weekly MTGO 8/23/26,https://vvmtg.com/sunday-weekly-mtgo-8-23-26/,11,Vacated Drake,1,2,0,1-2,Bant Nulldrifter Control,https://moxfield.com/decks/9S6gAfDYKXWEPTR7Uvw9qQ,vvmtg
2026-08-23,Sunday Weekly MTGO 8/23/26,https://vvmtg.com/sunday-weekly-mtgo-8-23-26/,12,Haidle,1,3,0,1-3,Enchantress,https://moxfield.com/decks/XC-gATmTSXq343p6VYRtjA,vvmtg
2026-08-23,Sunday Weekly MTGO 8/23/26,https://vvmtg.com/sunday-weekly-mtgo-8-23-26/,13,MoonTimeDweller,1,3,0,1-3,Belcher,https://moxfield.com/decks/GS-gAV9Mb3OveqMVEecd4A,vvmtg
2026-08-23,Sunday Weekly MTGO 8/23/26,https://vvmtg.com/sunday-weekly-mtgo-8-23-26/,14,EMoore117,0,4,0,0-4,RB Skelemental,https://moxfield.com/decks/Mi-gAdxuyXuspoWzkfclVg,vvmtg
2026-08-19,Webcam Thursday BiWeekly 8/19/26,https://vvmtg.com/webcam-thursday-biweekly-8-19-26/,1,Duncan,2,0,0,2-0,Hollow One,https://moxfield.com/decks/USGgAZDz9nGgE3Vwg60gMQ,vvmtg
2026-08-19,Webcam Thursday BiWeekly 8/19/26,https://vvmtg.com/webcam-thursday-biweekly-8-19-26/,2,ravensfanaustin,2,1,0,2-1,Goblin Storm,https://moxfield.com/decks/VSCgAQKe63WQOZujZHplYA,vvmtg
2026-08-19,Webcam Thursday BiWeekly 8/19/26,https://vvmtg.com/webcam-thursday-biweekly-8-19-26/,3,Haidle,2,1,0,2-1,Lich’s Mirror,https://moxfield.com/decks/ZyGgAVJnkXGy8OXqgiCq1Q,vvmtg
2026-08-19,Webcam Thursday BiWeekly 8/19/26,https://vvmtg.com/webcam-thursday-biweekly-8-19-26/,4,Foster,2,1,0,2-1,Meria Storm,https://moxfield.com/decks/4h-gAZMPuHaDT5iD9E-d_w,vvmtg
2026-08-19,Webcam Thursday BiWeekly 8/19/26,https://vvmtg.com/webcam-thursday-biweekly-8-19-26/,5,Yenshin,1,2,0,1-2,RDW,https://moxfield.com/decks/YiGgAXOpuHGM2Zgn77jLEQ,vvmtg
2026-08-19,Webcam Thursday BiWeekly 8/19/26,https://vvmtg.com/webcam-thursday-biweekly-8-19-26/,6,forkpapi,0,3,0,0-3,Allies,https://moxfield.com/decks/iR-gAbdL4XaYdRpQ6dRyAQ,vvmtg
2026-08-16,MTGO Wednesday Weekly 8-12-26,https://vvmtg.com/mtgo-wednesday-weekly-8-12-26/,1,Incidental,4,0,0,4-0,High Tide,https://moxfield.com/decks/f_efAfUA4nWG9RcS_P706Q,vvmtg
2026-08-16,MTGO Wednesday Weekly 8-12-26,https://vvmtg.com/mtgo-wednesday-weekly-8-12-26/,2,Austin,3,1,0,3-1,Goblins,https://moxfield.com/decks/6PefAVj7aX-St2RaM_uTyw,vvmtg
2026-08-16,MTGO Wednesday Weekly 8-12-26,https://vvmtg.com/mtgo-wednesday-weekly-8-12-26/,3,Brad,3,1,0,3-1,Rakdos Scam,https://moxfield.com/decks/IPifATLe4HK3EazvcvO_Pw,vvmtg
2026-08-16,MTGO Wednesday Weekly 8-12-26,https://vvmtg.com/mtgo-wednesday-weekly-8-12-26/,4,SecularSam,3,1,0,3-1,Eldrazi Post,https://moxfield.com/decks/KvifAfqbZHWd-pkbAYhDNw,vvmtg
2026-08-16,MTGO Wednesday Weekly 8-12-26,https://vvmtg.com/mtgo-wednesday-weekly-8-12-26/,5,Ryan,3,1,0,3-1,Blue Phoenix,https://moxfield.com/decks/MPifAbRJW3qeMz5CGCtuyA,vvmtg
2026-08-16,MTGO Wednesday Weekly 8-12-26,https://vvmtg.com/mtgo-wednesday-weekly-8-12-26/,6,JasonJason,3,1,0,3-1,Yard Sale,https://moxfield.com/decks/qvafAbHdDnaSq_gqKOqkbw,vvmtg
2026-08-16,MTGO Wednesday Weekly 8-12-26,https://vvmtg.com/mtgo-wednesday-weekly-8-12-26/,7,Forkpapi,3,1,0,3-1,Jeskai Legends,https://moxfield.com/decks/M_ifAZaSBX-U2LKswrh9Xw,vvmtg
2026-08-16,MTGO Wednesday Weekly 8-12-26,https://vvmtg.com/mtgo-wednesday-weekly-8-12-26/,8,Haidle,2,2,0,2-2,Pyre Humans,https://moxfield.com/decks/GfifAQ0obHO-mP0LOq7T-g,vvmtg
2026-08-16,MTGO Wednesday Weekly 8-12-26,https://vvmtg.com/mtgo-wednesday-weekly-8-12-26/,9,Wtnautical,2,2,0,2-2,Mono White Restoration of Eiganjo,https://moxfield.com/decks/B_ifAdh_lXyBpDkfmB2pCQ,vvmtg
2026-08-16,MTGO Wednesday Weekly 8-12-26,https://vvmtg.com/mtgo-wednesday-weekly-8-12-26/,10,Emoore,2,2,0,2-2,Temur Ensoul,https://moxfield.com/decks/J_ifAQZcrnipA2BVh9fRIw,vvmtg
2026-08-16,MTGO Wednesday Weekly 8-12-26,https://vvmtg.com/mtgo-wednesday-weekly-8-12-26/,11,Devfizzle,2,2,0,2-2,Mono Black Shadow,https://moxfield.com/decks/RvefAWaljXSIxfJPIkGZKg,vvmtg
2026-08-16,MTGO Wednesday Weekly 8-12-26,https://vvmtg.com/mtgo-wednesday-weekly-8-12-26/,12,Servotoken,2,2,0,2-2,Izzet Lessons,https://moxfield.com/decks/MvifAdpCknK-DqftnibEXw,vvmtg
2026-08-16,MTGO Wednesday Weekly 8-12-26,https://vvmtg.com/mtgo-wednesday-weekly-8-12-26/,13,Plasma,2,2,0,2-2,Gideon Prison,https://moxfield.com/decks/G_ifAVqf0Hu5UJ2jsbfIMw,vvmtg
2026-08-16,MTGO Wednesday Weekly 8-12-26,https://vvmtg.com/mtgo-wednesday-weekly-8-12-26/,14,Blackviper,1,3,0,1-3,Golgari Cosmogoyf,https://moxfield.com/decks/J_ifAeX6vnKXyqFL2OCV8w,vvmtg
2026-08-16,MTGO Wednesday Weekly 8-12-26,https://vvmtg.com/mtgo-wednesday-weekly-8-12-26/,15,Everett,1,3,0,1-3,High Tide,https://moxfield.com/decks/7vefAduG4Xq0StKiklLWMw,vvmtg
2026-08-16,MTGO Wednesday Weekly 8-12-26,https://vvmtg.com/mtgo-wednesday-weekly-8-12-26/,16,Olozaur,1,3,0,1-3,Rakdos Maestro Combo,https://moxfield.com/decks/8fefAQSwiH-E5lWJ69oyTA,vvmtg
2026-08-16,MTGO Wednesday Weekly 8-12-26,https://vvmtg.com/mtgo-wednesday-weekly-8-12-26/,17,Toadbrews,1,3,0,1-3,Mono Blue Spider Nest,https://moxfield.com/decks/3vefASp2BnKj8P295fuRZg,vvmtg
2026-08-16,MTGO Wednesday Weekly 8-12-26,https://vvmtg.com/mtgo-wednesday-weekly-8-12-26/,18,Korbyn,1,3,0,1-3,Rakdos Ares Initiative,https://moxfield.com/decks/6PefAV1gB3Sx_ANNMIBOOw,vvmtg
2026-08-16,MTGO Wednesday Weekly 8-12-26,https://vvmtg.com/mtgo-wednesday-weekly-8-12-26/,19,Arcanium,0,4,0,0-4,Abzan Blink,https://moxfield.com/decks/DPifAVTn_3i7srXpiwAJNw,vvmtg
2026-08-16,MTGO Wednesday Weekly 8-12-26,https://vvmtg.com/mtgo-wednesday-weekly-8-12-26/,20,,0,4,0,0-4,UW Slivers Control,https://moxfield.com/decks/M_ifARvmDHOB7EODUieCUQ,vvmtg
2026-08-16,Sunday Weekly MTGO 8/16/26,https://vvmtg.com/sunday-weekly-mtgo-8-16-26/,1,JasonJason,4,0,0,4-0,Boros Converter,https://moxfield.com/decks/PAugAZaUNHOos09p7ZwYjw,vvmtg
2026-08-16,Sunday Weekly MTGO 8/16/26,https://vvmtg.com/sunday-weekly-mtgo-8-16-26/,2,forkpapi,3,1,0,3-1,Gruul Equipment,https://moxfield.com/decks/TgugAdZBo3yfgxhlLggyiA,vvmtg
2026-08-16,Sunday Weekly MTGO 8/16/26,https://vvmtg.com/sunday-weekly-mtgo-8-16-26/,3,West,3,1,0,3-1,Mono Green Midrange,https://moxfield.com/decks/SAugAXSW4HqiofzmguiR-A,vvmtg
2026-08-16,Sunday Weekly MTGO 8/16/26,https://vvmtg.com/sunday-weekly-mtgo-8-16-26/,4,Secular Sam,3,1,0,3-1,Eldrazi Post,https://moxfield.com/decks/eAqgAWXJ_3ObuIcpJ0zvjg,vvmtg
2026-08-16,Sunday Weekly MTGO 8/16/26,https://vvmtg.com/sunday-weekly-mtgo-8-16-26/,5,Ryan G,3,1,0,3-1,Hogaak Pox,https://moxfield.com/decks/SgugAR-7E3eUOsJIsohOUQ,vvmtg
2026-08-16,Sunday Weekly MTGO 8/16/26,https://vvmtg.com/sunday-weekly-mtgo-8-16-26/,6,Haidle,3,1,0,3-1,Rack,https://moxfield.com/decks/SwugAXPyZnyyynrZGa266w,vvmtg
2026-08-16,Sunday Weekly MTGO 8/16/26,https://vvmtg.com/sunday-weekly-mtgo-8-16-26/,7,Sam,2,2,0,2-2,Golgari Initiative,https://moxfield.com/decks/UwugAYuY032KXbvJCUDGoA,vvmtg
2026-08-16,Sunday Weekly MTGO 8/16/26,https://vvmtg.com/sunday-weekly-mtgo-8-16-26/,8,Doot,2,2,0,2-2,Goblins Storm,https://moxfield.com/decks/UAugAdSs_nipXFCAPr0p1Q,vvmtg
2026-08-16,Sunday Weekly MTGO 8/16/26,https://vvmtg.com/sunday-weekly-mtgo-8-16-26/,9,olozuar,2,2,0,2-2,UW Vial,https://moxfield.com/decks/PAugAZzUT3efPls50AdMzQ,vvmtg
2026-08-16,Sunday Weekly MTGO 8/16/26,https://vvmtg.com/sunday-weekly-mtgo-8-16-26/,10,Sean,2,2,0,2-2,Undermountain Breakfast,https://moxfield.com/decks/TwugAYHweXSpdxs_G86wqg,vvmtg
2026-08-16,Sunday Weekly MTGO 8/16/26,https://vvmtg.com/sunday-weekly-mtgo-8-16-26/,11,BadZelda32,2,2,0,2-2,Manabond,https://moxfield.com/decks/1QqgAS1wHn2lHrT5pC5AoA,vvmtg
2026-08-16,Sunday Weekly MTGO 8/16/26,https://vvmtg.com/sunday-weekly-mtgo-8-16-26/,12,korbyn,2,2,0,2-2,Burn,https://moxfield.com/decks/KgugAe3XnHqa4RncDaiwrQ,vvmtg
2026-08-16,Sunday Weekly MTGO 8/16/26,https://vvmtg.com/sunday-weekly-mtgo-8-16-26/,13,Sequenced,1,3,0,1-3,Rack,https://moxfield.com/decks/PgugAePBFnKu_7mDVfQIyA,vvmtg
2026-08-16,Sunday Weekly MTGO 8/16/26,https://vvmtg.com/sunday-weekly-mtgo-8-16-26/,14,ServoToken,1,3,0,1-3,Burn,https://moxfield.com/decks/3QqgAeWj_Xm00ii1dHPdvw,vvmtg
2026-08-16,Sunday Weekly MTGO 8/16/26,https://vvmtg.com/sunday-weekly-mtgo-8-16-26/,15,EMoore117,1,3,0,1-3,Azorius Momo,https://moxfield.com/decks/ugqgAd_p33G5MgOwvn2Dbg,vvmtg
2026-08-16,Sunday Weekly MTGO 8/16/26,https://vvmtg.com/sunday-weekly-mtgo-8-16-26/,16,cloduy,1,3,0,1-3,High Tide,https://moxfield.com/decks/NgugAefDnX6RKVwpuzmrfA,vvmtg
2026-08-16,Sunday Weekly MTGO 8/16/26,https://vvmtg.com/sunday-weekly-mtgo-8-16-26/,17,Destraschul,1,3,0,1-3,Oath of Druids,https://moxfield.com/decks/nAqgAWnmEHefF5GyDfRB4Q,vvmtg
2026-08-16,Sunday Weekly MTGO 8/16/26,https://vvmtg.com/sunday-weekly-mtgo-8-16-26/,18,ToadBrews,0,2,0,0-2,Orzhov Annex,https://moxfield.com/decks/FQugAdIeqHWt6JXTS1BuCA,vvmtg
2026-08-06,MTGO Wednesday Weekly 08/05/26,https://vvmtg.com/mtgo-wednesday-weekly-08-05-26/,1,Incidentall,4,0,0,4-0,High Tide,https://moxfield.com/decks/n9OfAZ7ToXScUWtEEYzbQA,vvmtg
2026-08-06,MTGO Wednesday Weekly 08/05/26,https://vvmtg.com/mtgo-wednesday-weekly-08-05-26/,2,EMore117,4,0,0,4-0,RW Energy Midrange,https://moxfield.com/decks/L9SfAbNDE36yL-HRsL8Bpw,vvmtg
2026-08-06,MTGO Wednesday Weekly 08/05/26,https://vvmtg.com/mtgo-wednesday-weekly-08-05-26/,3,themuller,3,1,0,3-1,RG Initiative,https://moxfield.com/decks/2tOfAYq0dHSiKlJjodh_lA,vvmtg
2026-08-06,MTGO Wednesday Weekly 08/05/26,https://vvmtg.com/mtgo-wednesday-weekly-08-05-26/,4,JasonJason,3,1,0,3-1,RW Converter,https://moxfield.com/decks/rtOfAWQ97XS4GaONey1w2w,vvmtg
2026-08-06,MTGO Wednesday Weekly 08/05/26,https://vvmtg.com/mtgo-wednesday-weekly-08-05-26/,5,Vacated Drake,3,1,0,3-1,UW Control,https://moxfield.com/decks/u9GfAWHasXapimNkzlrzqQ,vvmtg
2026-08-06,MTGO Wednesday Weekly 08/05/26,https://vvmtg.com/mtgo-wednesday-weekly-08-05-26/,6,Sean,3,1,0,3-1,Cephalid Breakfast,https://moxfield.com/decks/LNSfAQlKt3-XN0MJL1wHIA,vvmtg
2026-08-06,MTGO Wednesday Weekly 08/05/26,https://vvmtg.com/mtgo-wednesday-weekly-08-05-26/,7,Arcanium,3,1,0,3-1,Broodscale,https://moxfield.com/decks/7NOfAbxJcXGVNPk-80V_Qg,vvmtg
2026-08-06,MTGO Wednesday Weekly 08/05/26,https://vvmtg.com/mtgo-wednesday-weekly-08-05-26/,8,ToadBrews,2,2,0,2-2,Bant Prison,https://moxfield.com/decks/HNKfAT9NbHGqxoIgLzc5bg,vvmtg
2026-08-06,MTGO Wednesday Weekly 08/05/26,https://vvmtg.com/mtgo-wednesday-weekly-08-05-26/,9,Doot,2,2,0,2-2,RW Energy,https://moxfield.com/decks/BtSfASuqGHi8w27jXzhbJA,vvmtg
2026-08-06,MTGO Wednesday Weekly 08/05/26,https://vvmtg.com/mtgo-wednesday-weekly-08-05-26/,10,ravensfanaustin,2,2,0,2-2,Forge Combo,https://moxfield.com/decks/t9GfASx03Xyv0sK0_r57tw,vvmtg
2026-08-06,MTGO Wednesday Weekly 08/05/26,https://vvmtg.com/mtgo-wednesday-weekly-08-05-26/,11,Morgan B.,2,2,0,2-2,High Tide,https://moxfield.com/decks/vtOfARGCcXCz5ewa2qKSWQ,vvmtg
2026-08-06,MTGO Wednesday Weekly 08/05/26,https://vvmtg.com/mtgo-wednesday-weekly-08-05-26/,12,Haidle,1,2,0,1-2,Hollow One,https://moxfield.com/decks/LtSfAdss_naJGv1epfR_Ew,vvmtg
2026-08-06,MTGO Wednesday Weekly 08/05/26,https://vvmtg.com/mtgo-wednesday-weekly-08-05-26/,13,ServoToken,2,2,0,2-2,Mono White Ascension,https://moxfield.com/decks/_9OfAaDxlHeD03H5NgmOrg,vvmtg
2026-08-06,MTGO Wednesday Weekly 08/05/26,https://vvmtg.com/mtgo-wednesday-weekly-08-05-26/,14,Bud1304,2,2,0,2-2,RB Scam,https://moxfield.com/decks/09OfAeijAnWCTovd_lEUmQ,vvmtg
2026-08-06,MTGO Wednesday Weekly 08/05/26,https://vvmtg.com/mtgo-wednesday-weekly-08-05-26/,15,Plasma,2,2,0,2-2,Gideon Prison,https://moxfield.com/decks/ENSfAfBfi3mKObYeuh8eWA,vvmtg
2026-08-06,MTGO Wednesday Weekly 08/05/26,https://vvmtg.com/mtgo-wednesday-weekly-08-05-26/,16,forkpapi,2,2,0,2-2,RG Food Midrange,https://moxfield.com/decks/INSfAf_3DHaAATMyp0unRw,vvmtg
2026-08-06,MTGO Wednesday Weekly 08/05/26,https://vvmtg.com/mtgo-wednesday-weekly-08-05-26/,17,miss_input,1,2,0,1-2,Hogaak Roots,https://moxfield.com/decks/D9SfAczrDnCIkyz3Go8cew,vvmtg
2026-08-06,MTGO Wednesday Weekly 08/05/26,https://vvmtg.com/mtgo-wednesday-weekly-08-05-26/,18,Guthwine,1,3,0,1-3,Affinity,https://moxfield.com/decks/sdGfAYpDqH2N4GTyUbhIZQ,vvmtg
2026-08-06,MTGO Wednesday Weekly 08/05/26,https://vvmtg.com/mtgo-wednesday-weekly-08-05-26/,19,DankConfidant,1,2,0,1-2,Blue Post,https://moxfield.com/decks/StKfAaQfUXeqe_y1XNoSQw,vvmtg
2026-08-06,MTGO Wednesday Weekly 08/05/26,https://vvmtg.com/mtgo-wednesday-weekly-08-05-26/,20,Olozaur,1,3,0,1-3,Mono Black Asmo,https://moxfield.com/decks/GdSfAX8vM3-siSV2x_8jaA,vvmtg
2026-08-06,MTGO Wednesday Weekly 08/05/26,https://vvmtg.com/mtgo-wednesday-weekly-08-05-26/,21,Rob D.,1,3,0,1-3,Naya Midrange,https://moxfield.com/decks/stOfAS5py3aJCTD77Nheww,vvmtg
2026-08-06,MTGO Wednesday Weekly 08/05/26,https://vvmtg.com/mtgo-wednesday-weekly-08-05-26/,22,Devfizzle,1,3,0,1-3,Abzan Midrange,https://moxfield.com/decks/DtKfAXkRoHKaDENsrGDFlQ,vvmtg
2026-08-06,MTGO Wednesday Weekly 08/05/26,https://vvmtg.com/mtgo-wednesday-weekly-08-05-26/,23,Jake,1,3,0,1-3,RG Aggro,https://moxfield.com/decks/PdOfASZm2HCz3GpMwFfaRg,vvmtg
2026-08-06,MTGO Wednesday Weekly 08/05/26,https://vvmtg.com/mtgo-wednesday-weekly-08-05-26/,24,Joe N.,1,3,0,1-3,Naya Boom,https://moxfield.com/decks/a9OfAVlYXX-u34m3778dmg,vvmtg
2026-08-06,MTGO Wednesday Weekly 08/05/26,https://vvmtg.com/mtgo-wednesday-weekly-08-05-26/,25,Pizzamaw50,0,2,0,0-2,Temur Control,https://moxfield.com/decks/_tOfAWfZLXKTHIX_5x_obQ,vvmtg
2026-08-02,Sunday MTGO Weekly 8/02/26,https://vvmtg.com/sunday-mtgo-weekly-8-02-26/,1,Ryan G.,4,0,0,4-0,Hogaak Pox,https://moxfield.com/decks/KcOfAW2iCX2TyPG5NtyfAw,vvmtg
2026-08-02,Sunday MTGO Weekly 8/02/26,https://vvmtg.com/sunday-mtgo-weekly-8-02-26/,2,Haidle,3,1,0,3-1,Blue Post,https://moxfield.com/decks/GcOfAf12Hn6xBxcNNbXksw,vvmtg
2026-08-02,Sunday MTGO Weekly 8/02/26,https://vvmtg.com/sunday-mtgo-weekly-8-02-26/,3,Olozaur,3,1,0,3-1,UW Vial Aggro,https://moxfield.com/decks/I8OfAZnq03C77A1YIJq9Vw,vvmtg
2026-08-02,Sunday MTGO Weekly 8/02/26,https://vvmtg.com/sunday-mtgo-weekly-8-02-26/,4,DankConfidant,3,1,0,3-1,RB Lurrus,https://moxfield.com/decks/MMOfAcSQ9Xa6w0-VykUVyw,vvmtg
2026-08-02,Sunday MTGO Weekly 8/02/26,https://vvmtg.com/sunday-mtgo-weekly-8-02-26/,5,JasonJason,3,1,0,3-1,RW Converter,https://moxfield.com/decks/McOfAcaRlnW5illc9rpqpA,vvmtg
2026-08-02,Sunday MTGO Weekly 8/02/26,https://vvmtg.com/sunday-mtgo-weekly-8-02-26/,6,korbyn,2,2,0,2-2,Burn,https://moxfield.com/decks/HsOfAZpSNn6zRfW-zDbLzQ,vvmtg
2026-08-02,Sunday MTGO Weekly 8/02/26,https://vvmtg.com/sunday-mtgo-weekly-8-02-26/,7,Everett N.,2,2,0,2-2,High Tide,https://moxfield.com/decks/HsOfAQGAB32Ungof2k_Jig,vvmtg
2026-08-02,Sunday MTGO Weekly 8/02/26,https://vvmtg.com/sunday-mtgo-weekly-8-02-26/,8,Jacob M.,2,2,0,2-2,Rhinos,https://moxfield.com/decks/l8KfARK8_HKeUgzgMVrJZw,vvmtg
2026-08-02,Sunday MTGO Weekly 8/02/26,https://vvmtg.com/sunday-mtgo-weekly-8-02-26/,9,Devfizzle,2,2,0,2-2,Mono Green Stompy,https://moxfield.com/decks/HMOfAadhUnKFuxyFaI3b6w,vvmtg
2026-08-02,Sunday MTGO Weekly 8/02/26,https://vvmtg.com/sunday-mtgo-weekly-8-02-26/,10,cloudy,2,2,0,2-2,UR Creativity,https://moxfield.com/decks/I8OfAbBgh3iQtuQAdnezCA,vvmtg
2026-08-02,Sunday MTGO Weekly 8/02/26,https://vvmtg.com/sunday-mtgo-weekly-8-02-26/,11,Beta,1,2,0,1-2,Slivers,https://moxfield.com/decks/LsOfAUqI_HGGZRudr8znIw,vvmtg
2026-08-02,Sunday MTGO Weekly 8/02/26,https://vvmtg.com/sunday-mtgo-weekly-8-02-26/,12,ServoToken,1,2,0,1-2,Fluctuator,https://moxfield.com/decks/IsOfAa56Ln-57e8-wiE2lg,vvmtg
2026-08-02,Sunday MTGO Weekly 8/02/26,https://vvmtg.com/sunday-mtgo-weekly-8-02-26/,13,Samuel S.,0,4,0,0-4,RW Energy,https://moxfield.com/decks/5sKfATRHa3WnomOSf0w5gg,vvmtg
2026-08-02,Sunday MTGO Weekly 8/02/26,https://vvmtg.com/sunday-mtgo-weekly-8-02-26/,14,Sean,0,1,0,0-1,Cephalid Breakfast,https://moxfield.com/decks/L8OfAY8_FH699UHVlFd2pw,vvmtg
2026-08-02,Sunday MTGO Weekly 8/02/26,https://vvmtg.com/sunday-mtgo-weekly-8-02-26/,15,TomSoniQ,0,2,0,0-2,BW Ketromose,https://moxfield.com/decks/HMOfASi4iXiBN7972XrC7g,vvmtg
2026-08-01,EU July Async League,https://vvmtg.com/eu-july-async-league/,1,RuarasSwiftArrow,3,0,0,3-0,Blue Post,https://moxfield.com/decks/uh-fARAchHOM7gNsjmdz7g,vvmtg
2026-08-01,EU July Async League,https://vvmtg.com/eu-july-async-league/,2,Davtaz,2,1,0,2-1,Burn,https://moxfield.com/decks/SxSfATlRNHyofx9GhH_Ymg,vvmtg
2026-08-01,EU July Async League,https://vvmtg.com/eu-july-async-league/,3,paul,2,1,0,2-1,Bant Rec,https://moxfield.com/decks/qxefAYQo1HSIIOeKmrBPIA,vvmtg
2026-08-01,EU July Async League,https://vvmtg.com/eu-july-async-league/,4,dondjanggo,2,1,0,2-1,RW Energy,https://moxfield.com/decks/KAufAbaY2XGJRbZZC5eY8g,vvmtg
2026-08-01,EU July Async League,https://vvmtg.com/eu-july-async-league/,5,Forkpapi,1,2,0,1-2,UR Discover,https://moxfield.com/decks/3hmfAaY1gnuHYAJhgv3vjg,vvmtg
2026-08-01,EU July Async League,https://vvmtg.com/eu-july-async-league/,6,CapybaraHelpdesk,1,2,0,1-2,Mono Red Polymorph,https://moxfield.com/decks/uByfAdec3X2dUVe2KwvcxA,vvmtg
2026-08-01,EU July Async League,https://vvmtg.com/eu-july-async-league/,7,Olozaur,1,2,0,1-2,UB Control,https://moxfield.com/decks/vB6fAam57HKmIPsbSjxs7w,vvmtg
2026-08-01,EU July Async League,https://vvmtg.com/eu-july-async-league/,8,Sciluap,0,3,0,0-3,UB Shadow,https://moxfield.com/decks/8Q2fAW1Yz3akYDCgEhg2ag,vvmtg
2026-07-30,Thursday MTGO 07/30/26,https://vvmtg.com/thursday-mtgo-07-30-26/,1,JasonJason,3,0,0,3-0,RW Converter,https://moxfield.com/decks/FLWfAWiWkX65fu4wy8m3zA,vvmtg
2026-07-30,Thursday MTGO 07/30/26,https://vvmtg.com/thursday-mtgo-07-30-26/,2,ToadBrews,2,1,0,2-1,Mono Black Aggro,https://moxfield.com/decks/LLWfAd_Em3uSf5Pv5PIVZg,vvmtg
2026-07-30,Thursday MTGO 07/30/26,https://vvmtg.com/thursday-mtgo-07-30-26/,3,ServoToken,2,1,0,2-1,Blue Spirits,https://moxfield.com/decks/SbWfAeSBfH2cUrXa_wcacw,vvmtg
2026-07-30,Thursday MTGO 07/30/26,https://vvmtg.com/thursday-mtgo-07-30-26/,4,PoxFanatic,1,2,0,1-2,UW Control,https://moxfield.com/decks/NLWfASG0gX-aRQDpIWXlMw,vvmtg
2026-07-30,Thursday MTGO 07/30/26,https://vvmtg.com/thursday-mtgo-07-30-26/,5,Olozaur,1,2,0,1-2,UW Aggro,https://moxfield.com/decks/O7WfAf2M1nmJOKMJBpaUjg,vvmtg
2026-07-30,Thursday MTGO 07/30/26,https://vvmtg.com/thursday-mtgo-07-30-26/,6,DankConfidant,1,0,0,1-0,RB Lurrus,https://moxfield.com/decks/P7WfAdaKVX67kpj79k2Qww,vvmtg
2026-07-30,Thursday MTGO 07/30/26,https://vvmtg.com/thursday-mtgo-07-30-26/,7,Forkpapi,0,3,0,0-3,BW Momo,https://moxfield.com/decks/N7WfAV4MGXal2Fu62NXIbw,vvmtg
2026-07-26,MTGO Sunday Weekly – July 26,https://vvmtg.com/mtgo-sunday-weekly-july-26/,1,Toadbrews,4,0,0,4-0,Dimir Seas,https://moxfield.com/decks/_p6fAdYAcXSEyC8r_QHpAQ,vvmtg
2026-07-26,MTGO Sunday Weekly – July 26,https://vvmtg.com/mtgo-sunday-weekly-july-26/,2,Devfizzle,3,1,0,3-1,Rakdos Ares,https://moxfield.com/decks/HZ-fAbFobnWjvGdOvHwjdw,vvmtg
2026-07-26,MTGO Sunday Weekly – July 26,https://vvmtg.com/mtgo-sunday-weekly-july-26/,3,Servotoken,3,1,0,3-1,Stick Burn,https://moxfield.com/decks/956fAQv77XWk-K6_upP3hw,vvmtg
2026-07-26,MTGO Sunday Weekly – July 26,https://vvmtg.com/mtgo-sunday-weekly-july-26/,4,Ryan,3,1,0,3-1,Hogaak,https://moxfield.com/decks/I5-fAQBHrXO2nVAizETOVw,vvmtg
2026-07-26,MTGO Sunday Weekly – July 26,https://vvmtg.com/mtgo-sunday-weekly-july-26/,5,Sean,2,2,0,2-2,Converter Breakfast,https://moxfield.com/decks/_Z6fAZ8EKnOIriMg6vE3Nw,vvmtg
2026-07-26,MTGO Sunday Weekly – July 26,https://vvmtg.com/mtgo-sunday-weekly-july-26/,6,Jukemate,2,2,0,2-2,Rakdos Skelementals,https://moxfield.com/decks/EJ-fAWc25HKwtnifdVK3NA,vvmtg
2026-07-26,MTGO Sunday Weekly – July 26,https://vvmtg.com/mtgo-sunday-weekly-july-26/,7,Olozaur,2,2,0,2-2,Broodscale Combo,https://moxfield.com/decks/IZ-fAU-7jHilHx1qz670BQ,vvmtg
2026-07-26,MTGO Sunday Weekly – July 26,https://vvmtg.com/mtgo-sunday-weekly-july-26/,8,VacatedDrake,2,2,0,2-2,Dimir Shadow,https://moxfield.com/decks/TJmfAQ-eQnyJfU1UteKzNA,vvmtg
2026-07-26,MTGO Sunday Weekly – July 26,https://vvmtg.com/mtgo-sunday-weekly-july-26/,9,Beta,2,2,0,2-2,Slivers,https://moxfield.com/decks/HJ-fAVAtvXyeYsikFFri2Q,vvmtg
2026-07-26,MTGO Sunday Weekly – July 26,https://vvmtg.com/mtgo-sunday-weekly-july-26/,10,Austin,1,3,0,1-3,Coveted Maniac Combo,https://moxfield.com/decks/Cp-fAV9fynS9RJHn8-IriA,vvmtg
2026-07-26,MTGO Sunday Weekly – July 26,https://vvmtg.com/mtgo-sunday-weekly-july-26/,11,Korbyn,1,3,0,1-3,Burn,https://moxfield.com/decks/856fAYUean2tYQKVUFamjQ,vvmtg
2026-07-26,MTGO Sunday Weekly – July 26,https://vvmtg.com/mtgo-sunday-weekly-july-26/,12,Theo,1,2,0,1-2,Black Aggro,https://moxfield.com/decks/_Z6fAaXu3H-CKGTyqFiwlw,vvmtg
2026-07-26,MTGO Sunday Weekly – July 26,https://vvmtg.com/mtgo-sunday-weekly-july-26/,13,West,1,2,0,1-2,Green Midrange,https://moxfield.com/decks/Ip-fAd71lXexH-IRxoU4Sw,vvmtg
2026-07-22,Wednesday MTGO Weekly 7/22/26,https://vvmtg.com/wednesday-mtgo-weekly-7-22-26/,1,blackviper,4,0,0,4-0,Breakfast Affinity,https://moxfield.com/decks/B4yfAWPVe3e_OS9nDzYIlg,vvmtg
2026-07-22,Wednesday MTGO Weekly 7/22/26,https://vvmtg.com/wednesday-mtgo-weekly-7-22-26/,2,Malcolm,4,0,0,4-0,Eldrazi Post,https://moxfield.com/decks/DoyfAbHLbXyorAa8NRzVcA,vvmtg
2026-07-22,Wednesday MTGO Weekly 7/22/26,https://vvmtg.com/wednesday-mtgo-weekly-7-22-26/,3,Duncan G,3,1,0,3-1,Mono Black Midrange,https://moxfield.com/decks/DIyfAb54OnON0S88sEo5zg,vvmtg
2026-07-22,Wednesday MTGO Weekly 7/22/26,https://vvmtg.com/wednesday-mtgo-weekly-7-22-26/,4,korbyn,3,1,0,3-1,Burn,https://moxfield.com/decks/e4ufAeiir3eJsUu17NswXw,vvmtg
2026-07-22,Wednesday MTGO Weekly 7/22/26,https://vvmtg.com/wednesday-mtgo-weekly-7-22-26/,5,Vacated Drake,3,1,0,3-1,Dimir Shadow,https://moxfield.com/decks/6IufAaVMZHOXjPlyL6GnVg,vvmtg
2026-07-22,Wednesday MTGO Weekly 7/22/26,https://vvmtg.com/wednesday-mtgo-weekly-7-22-26/,6,BanSurgical,2,2,0,2-2,Rakdos Donate,https://moxfield.com/decks/PIufAbxKX3qFmf2UNteBLw,vvmtg
2026-07-22,Wednesday MTGO Weekly 7/22/26,https://vvmtg.com/wednesday-mtgo-weekly-7-22-26/,7,Gorillajay,2,2,0,2-2,Stick Scam,https://moxfield.com/decks/CYufAczLi3myrVc_MSVNfQ,vvmtg
2026-07-22,Wednesday MTGO Weekly 7/22/26,https://vvmtg.com/wednesday-mtgo-weekly-7-22-26/,8,Doot,2,2,0,2-2,Fluctuator Combo,https://moxfield.com/decks/_4ufAcGd5XybNMZu0mJD9A,vvmtg
2026-07-22,Wednesday MTGO Weekly 7/22/26,https://vvmtg.com/wednesday-mtgo-weekly-7-22-26/,9,DankConfidant,2,2,0,2-2,Blue Post,https://moxfield.com/decks/C4yfAYiSHnK_Cp7T44Psow,vvmtg
2026-07-22,Wednesday MTGO Weekly 7/22/26,https://vvmtg.com/wednesday-mtgo-weekly-7-22-26/,10,Haidle,2,2,0,2-2,Restore Balance,https://moxfield.com/decks/BYyfATd1_Xeeh_rEpaGSqQ,vvmtg
2026-07-22,Wednesday MTGO Weekly 7/22/26,https://vvmtg.com/wednesday-mtgo-weekly-7-22-26/,11,Bud1304,2,2,0,2-2,GW Initiative,https://moxfield.com/decks/-YufAag6BH-8SmHTiYdEfw,vvmtg
2026-07-22,Wednesday MTGO Weekly 7/22/26,https://vvmtg.com/wednesday-mtgo-weekly-7-22-26/,12,Forkpapi,2,2,0,2-2,Rakdos Lurrus Shadow,https://moxfield.com/decks/C4yfAblv-n6wDZUYtwiIqw,vvmtg
2026-07-22,Wednesday MTGO Weekly 7/22/26,https://vvmtg.com/wednesday-mtgo-weekly-7-22-26/,13,Devfizzle,2,2,0,2-2,Rhinos,https://moxfield.com/decks/GYqfAdN2L3moqriO0C4b8g,vvmtg
2026-07-22,Wednesday MTGO Weekly 7/22/26,https://vvmtg.com/wednesday-mtgo-weekly-7-22-26/,14,finaldefiance,1,1,0,1-1,High Tide,https://moxfield.com/decks/n4ufAfPStXKFPQChsmGiSA,vvmtg
2026-07-22,Wednesday MTGO Weekly 7/22/26,https://vvmtg.com/wednesday-mtgo-weekly-7-22-26/,15,Plasma,1,3,0,1-3,Trickery Combo,https://moxfield.com/decks/C4yfAYbn6nmTsle-bsXqYA,vvmtg
2026-07-22,Wednesday MTGO Weekly 7/22/26,https://vvmtg.com/wednesday-mtgo-weekly-7-22-26/,16,Fancy Hands Phil,1,2,0,1-2,Dimir Tempo Shadow,https://moxfield.com/decks/DoyfAXwvzXGLEygi-AhvHA,vvmtg
2026-07-22,Wednesday MTGO Weekly 7/22/26,https://vvmtg.com/wednesday-mtgo-weekly-7-22-26/,17,Czral,1,3,0,1-3,Trespasser’s Curse Midrange,https://moxfield.com/decks/DYyfAZAn1HSdvd9aQTytTQ,vvmtg
2026-07-22,Wednesday MTGO Weekly 7/22/26,https://vvmtg.com/wednesday-mtgo-weekly-7-22-26/,18,ToadBrews,0,2,0,0-2,Liquimetal Coating Ponza,https://moxfield.com/decks/1YufAaCQl3S3ubbqzw1iAQ,vvmtg
2026-07-22,Wednesday MTGO Weekly 7/22/26,https://vvmtg.com/wednesday-mtgo-weekly-7-22-26/,19,Pizzamaw50,0,3,0,0-3,Naya Deserts Bello,https://moxfield.com/decks/BYyfAe-Vl3mdpqfzAjIguw,vvmtg
2026-07-22,Wednesday MTGO Weekly 7/22/26,https://vvmtg.com/wednesday-mtgo-weekly-7-22-26/,20,jukemate,0,2,0,0-2,Coin Flips,https://moxfield.com/decks/7IufAUxPYXqE3VZKnFUPwQ,vvmtg
2026-07-19,MTGO Sunday Weekly 07/19/26,https://vvmtg.com/mtgo-sunday-weekly-07-19-26/,1,Vacated Drake,4,0,0,4-0,Nulldrifter Control,https://moxfield.com/decks/GXefAYqjzne5z5zeG75_8g,vvmtg
2026-07-19,MTGO Sunday Weekly 07/19/26,https://vvmtg.com/mtgo-sunday-weekly-07-19-26/,2,DankConfidant,3,1,0,3-1,Combo Allies,https://moxfield.com/decks/CXufAd79LHyPAbpJ6mqHGw,vvmtg
2026-07-19,MTGO Sunday Weekly 07/19/26,https://vvmtg.com/mtgo-sunday-weekly-07-19-26/,3,Arkna,3,1,0,3-1,Mono Black Initiative,https://moxfield.com/decks/6XafAVSLVXqjWhmkIzL1WQ,vvmtg
2026-07-19,MTGO Sunday Weekly 07/19/26,https://vvmtg.com/mtgo-sunday-weekly-07-19-26/,4,Doot,3,1,0,3-1,Azorius Tempo,https://moxfield.com/decks/FnufAZROaHu_qjQBqm4m8g,vvmtg
2026-07-19,MTGO Sunday Weekly 07/19/26,https://vvmtg.com/mtgo-sunday-weekly-07-19-26/,5,Sequenced,3,1,0,3-1,Mono Black Annex,https://moxfield.com/decks/4nqfAXKMmXiINS8Gl9-WMA,vvmtg
2026-07-19,MTGO Sunday Weekly 07/19/26,https://vvmtg.com/mtgo-sunday-weekly-07-19-26/,6,ServoToken,2,2,0,2-2,Selesnya Initiative,https://moxfield.com/decks/C3ifAWj3tXiY60XHyGw6nw,vvmtg
2026-07-19,MTGO Sunday Weekly 07/19/26,https://vvmtg.com/mtgo-sunday-weekly-07-19-26/,7,kinda,2,2,0,2-2,Simic Food Affinity,https://moxfield.com/decks/BnufASqgYXK8KXXupn4PfA,vvmtg
2026-07-19,MTGO Sunday Weekly 07/19/26,https://vvmtg.com/mtgo-sunday-weekly-07-19-26/,8,forkpapi,2,2,0,2-2,Mardu Allies,https://moxfield.com/decks/5HqfAdPVGn68dms0X2Mwtg,vvmtg
2026-07-19,MTGO Sunday Weekly 07/19/26,https://vvmtg.com/mtgo-sunday-weekly-07-19-26/,9,Ryan G,2,2,0,2-2,Mono Black Initiative,https://moxfield.com/decks/GXufAQFeQ3-kLA3b9V3PIQ,vvmtg
2026-07-19,MTGO Sunday Weekly 07/19/26,https://vvmtg.com/mtgo-sunday-weekly-07-19-26/,10,Beta,2,2,0,2-2,Mono Black Aggro,https://moxfield.com/decks/GHufAYQ-c3y5oI2DZ7o0Xw,vvmtg
2026-07-19,MTGO Sunday Weekly 07/19/26,https://vvmtg.com/mtgo-sunday-weekly-07-19-26/,11,ToadBrews,1,2,0,1-2,Boros Yojimbo,https://moxfield.com/decks/8XqfATfZG36hkq_4SJw7Rw,vvmtg
2026-07-19,MTGO Sunday Weekly 07/19/26,https://vvmtg.com/mtgo-sunday-weekly-07-19-26/,12,Czral,1,3,0,1-3,Scam Curses,https://moxfield.com/decks/BnufAbmRJHyE7_nhMSto2A,vvmtg
2026-07-19,MTGO Sunday Weekly 07/19/26,https://vvmtg.com/mtgo-sunday-weekly-07-19-26/,13,olozaur,1,3,0,1-3,Glimpse Song Combo,https://moxfield.com/decks/7XqfAfKkOXufwAriNGJjdg,vvmtg
2026-07-19,MTGO Sunday Weekly 07/19/26,https://vvmtg.com/mtgo-sunday-weekly-07-19-26/,14,Devfizzle,0,2,0,0-2,Rhinos,https://moxfield.com/decks/NXifAeGW4XGakJPX5hMxHA,vvmtg
2026-07-19,MTGO Sunday Weekly 07/19/26,https://vvmtg.com/mtgo-sunday-weekly-07-19-26/,15,GreenGang,0,3,0,0-3,Bant Initiative Breakfast,https://moxfield.com/decks/hHqfAfngMXuhXR-Bu2he6g,vvmtg
2026-07-12,MTGO Sunday Weekly 7/12/2026,https://vvmtg.com/mtgo-sunday-weekly-7-12-2026/,1,ServoToken,4,0,0,4-0,Spirits,https://moxfield.com/decks/ylafAck2dn-Pmh_F2I_EAQ,vvmtg
2026-07-12,MTGO Sunday Weekly 7/12/2026,https://vvmtg.com/mtgo-sunday-weekly-7-12-2026/,2,olozaur,3,1,0,3-1,Mono Black Midrange,https://moxfield.com/decks/A1efAZv8_X2XR17tFZ5mZQ,vvmtg
2026-07-12,MTGO Sunday Weekly 7/12/2026,https://vvmtg.com/mtgo-sunday-weekly-7-12-2026/,3,Haidle,3,1,0,3-1,Hogaak Pox,https://moxfield.com/decks/6lafAeO7sXquaDuAShAj6A,vvmtg
2026-07-12,MTGO Sunday Weekly 7/12/2026,https://vvmtg.com/mtgo-sunday-weekly-7-12-2026/,4,Secular Sam,3,1,0,3-1,Eldrazi Post,https://moxfield.com/decks/AlefAa-vd36zxctMuByVoQ,vvmtg
2026-07-12,MTGO Sunday Weekly 7/12/2026,https://vvmtg.com/mtgo-sunday-weekly-7-12-2026/,5,Ryan G,2,2,0,2-2,Lurrus Humans,https://moxfield.com/decks/DFefAcskEXy0A1FP-bo6kQ,vvmtg
2026-07-12,MTGO Sunday Weekly 7/12/2026,https://vvmtg.com/mtgo-sunday-weekly-7-12-2026/,6,Devfizzle,2,2,0,2-2,Rhinos,https://moxfield.com/decks/G1SfAc3JgnSWnho-0gawKw,vvmtg
2026-07-12,MTGO Sunday Weekly 7/12/2026,https://vvmtg.com/mtgo-sunday-weekly-7-12-2026/,7,VacatedDrake,2,2,0,2-2,Boros Energy,https://moxfield.com/decks/91OfAU2gBn64wRGMaxYerg,vvmtg
2026-07-12,MTGO Sunday Weekly 7/12/2026,https://vvmtg.com/mtgo-sunday-weekly-7-12-2026/,8,ToadBrews,2,2,0,2-2,Gitrog Combo,https://moxfield.com/decks/ylafATJ1B3OaOFZL8bIhqg,vvmtg
2026-07-12,MTGO Sunday Weekly 7/12/2026,https://vvmtg.com/mtgo-sunday-weekly-7-12-2026/,9,Forkpapi,2,2,0,2-2,Jeskai Legends Combo,https://moxfield.com/decks/B1efAUTzD3eH8U0lV6G8pQ,vvmtg
2026-07-12,MTGO Sunday Weekly 7/12/2026,https://vvmtg.com/mtgo-sunday-weekly-7-12-2026/,10,korbyn,1,3,0,1-3,Burn,https://moxfield.com/decks/ulafAdpHDHOFNTYUxEUvsw,vvmtg
2026-07-12,MTGO Sunday Weekly 7/12/2026,https://vvmtg.com/mtgo-sunday-weekly-7-12-2026/,11,blackviper,1,3,0,1-3,Affinity,https://moxfield.com/decks/x1afAXizQXuzBX9iG6kxHA,vvmtg
2026-07-12,MTGO Sunday Weekly 7/12/2026,https://vvmtg.com/mtgo-sunday-weekly-7-12-2026/,12,Doot,1,3,0,1-3,Pyrogoyf Creativity,https://moxfield.com/decks/4VafAWfCU3K6Cix3gOcP1A,vvmtg
2026-07-12,MTGO Sunday Weekly 7/12/2026,https://vvmtg.com/mtgo-sunday-weekly-7-12-2026/,13,zmyers,0,2,0,0-2,Hawkeye’s Pizza,https://moxfield.com/decks/CVefAea16H6a0Py1hLZTqA,vvmtg
2026-07-08,MTGO Wednesday Weekly 7/08/26,https://vvmtg.com/mtgo-wednesday-weekly-7-08-26/,1,blindtherapy,4,0,0,4-0,RB Lurrus,https://moxfield.com/decks/vUOfAX_tmHGAqkGKMq0q8w,vvmtg
2026-07-08,MTGO Wednesday Weekly 7/08/26,https://vvmtg.com/mtgo-wednesday-weekly-7-08-26/,2,Malcolm,4,0,0,4-0,Eldrazi Post,https://moxfield.com/decks/7EOfAdkyEXWVN75qdlhHbw,vvmtg
2026-07-08,MTGO Wednesday Weekly 7/08/26,https://vvmtg.com/mtgo-wednesday-weekly-7-08-26/,3,Secular Sam,3,1,0,3-1,Eldrazi Post,https://moxfield.com/decks/5kOfAdc7EX2R7BqfUVxptQ,vvmtg
2026-07-08,MTGO Wednesday Weekly 7/08/26,https://vvmtg.com/mtgo-wednesday-weekly-7-08-26/,4,incidentall,3,1,0,3-1,Primal Surge Combo,https://moxfield.com/decks/80OfAff753u4c0SACv6RMA,vvmtg
2026-07-08,MTGO Wednesday Weekly 7/08/26,https://vvmtg.com/mtgo-wednesday-weekly-7-08-26/,5,ServoToken,3,1,0,3-1,Affinity,https://moxfield.com/decks/wkOfAVGJ33mMzC7wvh4qig,vvmtg
2026-07-08,MTGO Wednesday Weekly 7/08/26,https://vvmtg.com/mtgo-wednesday-weekly-7-08-26/,6,Theo,3,1,0,3-1,RW Boom,https://moxfield.com/decks/ykOfATmSaHK0k5bXg7UH0A,vvmtg
2026-07-08,MTGO Wednesday Weekly 7/08/26,https://vvmtg.com/mtgo-wednesday-weekly-7-08-26/,7,Duncan,3,1,0,3-1,RW Energy,https://moxfield.com/decks/6EOfAfR3BXySDVEz6XbJgw,vvmtg
2026-07-08,MTGO Wednesday Weekly 7/08/26,https://vvmtg.com/mtgo-wednesday-weekly-7-08-26/,8,Plasma,2,2,0,2-2,Cephalid Breakfast,https://moxfield.com/decks/7kOfAcJijn27kOavpthxHg,vvmtg
2026-07-08,MTGO Wednesday Weekly 7/08/26,https://vvmtg.com/mtgo-wednesday-weekly-7-08-26/,9,Vacated Drake,2,2,0,2-2,Jeskai Scam Control,https://moxfield.com/decks/3kOfAamZiX6_3H_553jZFA,vvmtg
2026-07-08,MTGO Wednesday Weekly 7/08/26,https://vvmtg.com/mtgo-wednesday-weekly-7-08-26/,10,Rob D.,2,2,0,2-2,Naya Initiative,https://moxfield.com/decks/50KfAQ7beXuGXg6HUaXqQA,vvmtg
2026-07-08,MTGO Wednesday Weekly 7/08/26,https://vvmtg.com/mtgo-wednesday-weekly-7-08-26/,11,Danksy,2,2,0,2-2,Blue Post,https://moxfield.com/decks/8kOfAdSCfn-pob-d0iQIvg,vvmtg
2026-07-08,MTGO Wednesday Weekly 7/08/26,https://vvmtg.com/mtgo-wednesday-weekly-7-08-26/,12,korbyn,2,2,0,2-2,Burn,https://moxfield.com/decks/g0OfAaIVCX62z25EU33vfQ,vvmtg
2026-07-08,MTGO Wednesday Weekly 7/08/26,https://vvmtg.com/mtgo-wednesday-weekly-7-08-26/,13,Pox Fanatic,2,2,0,2-2,UB Enchantments,https://moxfield.com/decks/3EOfAQ5YTHWExGrOoCXzSA,vvmtg
2026-07-08,MTGO Wednesday Weekly 7/08/26,https://vvmtg.com/mtgo-wednesday-weekly-7-08-26/,14,Arcanium,2,2,0,2-2,RW Energy,https://moxfield.com/decks/wEGfATXqLX-n6jvR7rNJAQ,vvmtg
2026-07-08,MTGO Wednesday Weekly 7/08/26,https://vvmtg.com/mtgo-wednesday-weekly-7-08-26/,15,blackviper,1,2,0,1-2,RW Energy,https://moxfield.com/decks/8UOfAbbsSHyPthTuSSGtLg,vvmtg
2026-07-08,MTGO Wednesday Weekly 7/08/26,https://vvmtg.com/mtgo-wednesday-weekly-7-08-26/,16,BrutonGaster,1,2,0,1-2,Bow Combo,https://moxfield.com/decks/9EOfAQdwKH2SXNZfkUoJww,vvmtg
2026-07-08,MTGO Wednesday Weekly 7/08/26,https://vvmtg.com/mtgo-wednesday-weekly-7-08-26/,17,ToadBrews,1,3,0,1-3,Sultai Graveyard,https://moxfield.com/decks/OkOfAWXNQHuhzjFxDtlP0A,vvmtg
2026-07-08,MTGO Wednesday Weekly 7/08/26,https://vvmtg.com/mtgo-wednesday-weekly-7-08-26/,18,Jordan,1,3,0,1-3,Jeskai Manufacturing,https://moxfield.com/decks/-EKfAf6jLnOTbVgPpK_xvA,vvmtg
2026-07-08,MTGO Wednesday Weekly 7/08/26,https://vvmtg.com/mtgo-wednesday-weekly-7-08-26/,19,Devfizzle,1,3,0,1-3,GB Trudge,https://moxfield.com/decks/uEGfAcEtJHKtKxJzJWKWpA,vvmtg
2026-07-08,MTGO Wednesday Weekly 7/08/26,https://vvmtg.com/mtgo-wednesday-weekly-7-08-26/,20,quaintbird,1,3,0,1-3,Green Post,https://moxfield.com/decks/gEOfAVSSL3CpFlPoBfwZxQ,vvmtg
2026-07-08,MTGO Wednesday Weekly 7/08/26,https://vvmtg.com/mtgo-wednesday-weekly-7-08-26/,21,Novensiles,0,4,0,0-4,4c Pheldagriff,https://moxfield.com/decks/rUOfARWNOHqlJ41YSfiMsw,vvmtg
2026-07-08,MTGO Wednesday Weekly 7/08/26,https://vvmtg.com/mtgo-wednesday-weekly-7-08-26/,22,pizzamaw50,0,3,0,0-3,Jeskai Legends,https://moxfield.com/decks/4EOfAas3KHGEnetjLPYlRA,vvmtg
